!anime-metadata-db-index	1
!stats	franchises=1	series=502	seasons=594	episodes=8987	characters=727	staff=484	earliest=2006	latest=2026
!franchises	id	file	titles
fate	fate.yaml	フェイト|en=Fate
!series	id	file	franchise	titles
0-saiji-start-dash-monogatari	0-saiji-start-dash-monogatari.yaml		0歳児スタートダッシュ物語|ja-Latn=0-saiji Start Dash Monogatari
2200-nen-neko-no-kuni-nippon	2200-nen-neko-no-kuni-nippon.yaml		2200年ねこの国ニッポン|ja-Latn=2200-nen Neko no Kuni Nippon
29-sai-dokushin-chuuken-boukensha-no-nichijou	29-sai-dokushin-chuuken-boukensha-no-nichijou.yaml		29歳独身中堅冒険者の日常|en=An Adventurer's Daily Grind at Age 29|ja-Latn=29-sai Dokushin Chuuken Boukensha no Nichijou
3-nen-z-gumi-ginpachi-sensei	3-nen-z-gumi-ginpachi-sensei.yaml		3年Z組銀八先生|ja-Latn=3-nen Z-gumi Ginpachi-sensei
9-ruler-s-crown	9-ruler-s-crown.yaml		9-nine- 支配者の王冠|ja-Latn=9: Ruler's Crown
a-rank-party-wo-ridatsu-shita-ore-wa-moto-oshiego-tachi-to	a-rank-party-wo-ridatsu-shita-ore-wa-moto-oshiego-tachi-to.yaml		Aランクパーティを離脱した俺は、元教え子たちと迷宮深部を目指す。|ja-Latn=A-Rank Party wo Ridatsu shita Ore wa, Moto Oshiego-tachi to Meikyuu Shinbu wo Mezasu.
aharen-san-wa-hakarenai	aharen-san-wa-hakarenai.yaml		阿波連さんははかれない|ja-Latn=Aharen-san wa Hakarenai
aikatsu-memorial-stage-kagayaki-no-unit-cup	aikatsu-memorial-stage-kagayaki-no-unit-cup.yaml		アイカツ！メモリアルステージ ～輝きのユニットカップ～|ja-Latn=Aikatsu! Memorial Stage: Kagayaki no Unit Cup
aikatsu-x-pripara-the-movie-deai-no-kiseki	aikatsu-x-pripara-the-movie-deai-no-kiseki.yaml		アイカツ！×プリパラ THE MOVIE -出会いのキセキ|ja-Latn=Aikatsu! x PriPara the Movie: Deai no Kiseki!
aishiteru-game-wo-owarasetai	aishiteru-game-wo-owarasetai.yaml		愛してるゲームを終わらせたい|en=I Want to End This Love Game|ja-Latn=Aishiteru Game wo Owarasetai
akane-banashi	akane-banashi.yaml		あかね噺|ja-Latn=Akane-banashi
akujiki-reijou-to-kyouketsu-koushaku	akujiki-reijou-to-kyouketsu-koushaku.yaml		悪食令嬢と狂血公爵 ～その魔物、私が美味しくいただきます！～|ja-Latn=Akujiki Reijou to Kyouketsu Koushaku
akuyaku-reijou-tensei-ojisan	akuyaku-reijou-tensei-ojisan.yaml		悪役令嬢転生おじさん|ja-Latn=Akuyaku Reijou Tensei Ojisan
akuyaku-reijou-wa-ringoku-no-outaishi-ni-dekiai-sareru	akuyaku-reijou-wa-ringoku-no-outaishi-ni-dekiai-sareru.yaml		悪役令嬢は隣国の王太子に溺愛される|en=The Villainess Is Adored by the Prince of the Neighbor Kingdom|ja-Latn=Akuyaku Reijou wa Ringoku no Outaishi ni Dekiai sareru
aldnoah-zero-re	aldnoah-zero-re.yaml		アルドノア・ゼロ（Re+）|ja-Latn=Aldnoah.Zero (Re+)
alma-chan-wa-kazoku-ni-naritai	alma-chan-wa-kazoku-ni-naritai.yaml		アルマちゃんは家族になりたい|ja-Latn=Alma-chan wa Kazoku ni Naritai
ame-to-kimi-to	ame-to-kimi-to.yaml		雨と君と|ja-Latn=Ame to Kimi to
ameku-takao-no-suiri-karte	ameku-takao-no-suiri-karte.yaml		天久鷹央の推理カルテ|ja-Latn=Ameku Takao no Suiri Karte
anila-to-cocora	anila-to-cocora.yaml		アニラとココラ|ja-Latn=Anila to Cocora
anne-shirley	anne-shirley.yaml		アン・シャーリー|ja-Latn=Anne Shirley
another-world	another-world.yaml		世外|zh-Latn=Another World
ansatsusha-de-aru-ore-no-status-ga-yuusha-yori-mo-akiraka	ansatsusha-de-aru-ore-no-status-ga-yuusha-yori-mo-akiraka.yaml		暗殺者である俺のステータスが勇者よりも明らかに強いのだが|ja-Latn=Ansatsusha de Aru Ore no Status ga Yuusha yori mo Akiraka ni Tsuyoi no da ga
ao-no-exorcist	ao-no-exorcist.yaml		青の祓魔師（エクソシスト）|ja-Latn=Ao no Exorcist
ao-no-miburo	ao-no-miburo.yaml		青のミブロ|en=The Blue Wolves of Mibu|ja-Latn=Ao no Miburo
ao-no-orchestra	ao-no-orchestra.yaml		青のオーケストラ|ja-Latn=Ao no Orchestra
apocalypse-hotel	apocalypse-hotel.yaml		アポカリプスホテル|ja-Latn=Apocalypse Hotel
araiguma-calcal-dan	araiguma-calcal-dan.yaml		あらいぐま カルカル団|ja-Latn=Araiguma Calcal-dan
arknights-rise-from-ember	arknights-rise-from-ember.yaml		アークナイツ【焔燼曙明/RISE FROM EMBER】|ja-Latn=Arknights: Rise from Ember
arne-no-jikenbo	arne-no-jikenbo.yaml		アルネの事件簿|en=The Case Book of Arne|ja-Latn=Arne no Jikenbo
around-40-otoko-no-isekai-tsuuhan	around-40-otoko-no-isekai-tsuuhan.yaml		アラフォー男の異世界通販生活|ja-Latn=Around 40 Otoko no Isekai Tsuuhan
aru-majo-ga-shinu-made	aru-majo-ga-shinu-made.yaml		ある魔女が死ぬまで -終わりの言葉と始まりの涙|ja-Latn=Aru Majo ga Shinu Made
as-one	as-one.yaml		アズワン／AS ONE
awajima-hyakkei	awajima-hyakkei.yaml		淡島百景|en=Scenes From Awajima|ja-Latn=Awajima Hyakkei
baan-otona-no-kyoukai	baan-otona-no-kyoukai.yaml		bâan - 大人の彊界|ja-Latn=Bâan: Otona no Kyoukai
babanbabanban-vampire	babanbabanban-vampire.yaml		ババンババンバンバンパイア|ja-Latn=Babanbabanban Vampire
bad-girl	bad-girl.yaml		ばっどがーる|ja-Latn=Bad Girl
ballpark-de-tsukamaete	ballpark-de-tsukamaete.yaml		ボールパークでつかまえて！|ja-Latn=Ballpark de Tsukamaete!
bang-dream-ave-mujica	bang-dream-ave-mujica.yaml		バンドリ！アヴェムジカ|ja-Latn=BanG Dream! Ave Mujica
binan-koukou-chikyuu-bouei-bu-eternal-love	binan-koukou-chikyuu-bouei-bu-eternal-love.yaml		美男高校地球防衛部ETERNAL LOVE！|ja-Latn=Binan Koukou Chikyuu Bouei-bu Eternal Love!
binan-koukou-chikyuu-bouei-bu-haikara	binan-koukou-chikyuu-bouei-bu-haikara.yaml		美男高校地球防衛部ハイカラ！|ja-Latn=Binan Koukou Chikyuu Bouei-bu Haikara!
black-clover	black-clover.yaml		ブラッククローバー (2017)|ja-Latn=Black Clover
boku-no-hero-academia	boku-no-hero-academia.yaml		僕のヒーローアカデミア|ja-Latn=Boku no Hero Academia
boku-no	boku-no.yaml		ぼくの！|ja-Latn=Boku no!
boku-to-roboko-movie	boku-to-roboko-movie.yaml		僕とロボコ 劇場版|ja-Latn=Boku to Roboko Movie
botsuraku-yotei-no-kizoku-dakedo-hima-datta-kara-mahou-wo	botsuraku-yotei-no-kizoku-dakedo-hima-datta-kara-mahou-wo.yaml		没落予定の貴族だけど、暇だったから魔法を極めてみた|ja-Latn=Botsuraku Yotei no Kizoku dakedo, Hima Datta kara Mahou wo Kiwametemita
bousei-no-volicia-dai-ni-shou-gunjou	bousei-no-volicia-dai-ni-shou-gunjou.yaml		忘星のヴァリシア 第二章：群青|ja-Latn=Bousei no Volicia Dai Ni Shou: Gunjou
bukiyou-na-senpai	bukiyou-na-senpai.yaml		不器用な先輩。|ja-Latn=Bukiyou na Senpai.
bungou-stray-dogs-wan	bungou-stray-dogs-wan.yaml		文豪ストレイドッグス わん!|ja-Latn=Bungou Stray Dogs Wan!
busamen-gachi-fighter	busamen-gachi-fighter.yaml		ブサメンガチファイター|ja-Latn=Busamen Gachi Fighter
busu-ni-hanataba-wo	busu-ni-hanataba-wo.yaml		ブスに花束を。|ja-Latn=Busu ni Hanataba wo.
bye-bye-earth	bye-bye-earth.yaml		ばいばい、アース|ja-Latn=Bye Bye, Earth
candy-caries	candy-caries.yaml		キャンディーカリエス|ja-Latn=Candy Caries
cardfight-vanguard-divinez-deluxe-hen	cardfight-vanguard-divinez-deluxe-hen.yaml		カードファイト！！ ヴァンガード Divinez デラックス編|ja-Latn=Cardfight!! Vanguard: Divinez Deluxe-hen
cardfight-vanguard-divinez-deluxe-kesshou-hen	cardfight-vanguard-divinez-deluxe-kesshou-hen.yaml		カードファイト！！ ヴァンガード Divinez デラックス決勝編|ja-Latn=Cardfight!! Vanguard: Divinez Deluxe Kesshou-hen
cardfight-vanguard-divinez-genma-seisen-hen	cardfight-vanguard-divinez-genma-seisen-hen.yaml		カードファイト!! ヴァンガード DivineZ 幻真星戦編|ja-Latn=Cardfight!! Vanguard: Divinez Genma Seisen-hen
chainsaw-man-movie-reze-hen	chainsaw-man-movie-reze-hen.yaml		チェンソーマン レゼ篇|ja-Latn=Chainsaw Man Movie: Reze-hen
champignon-no-majo	champignon-no-majo.yaml		シャンピニオンの魔女|en=Champignon Witch|ja-Latn=Champignon no Majo
chanto-suenai-kyuuketsuki-chan	chanto-suenai-kyuuketsuki-chan.yaml		ちゃんと吸えない吸血鬼ちゃん|ja-Latn=Chanto Suenai Kyuuketsuki-chan
chao	chao.yaml		チャオ|ja-Latn=ChaO
chibi-godzilla-no-gyakushuu	chibi-godzilla-no-gyakushuu.yaml		ちびゴジラの逆襲|ja-Latn=Chibi Godzilla no Gyakushuu
chichi-wa-eiyuu-haha-wa-seirei-musume-no-watashi-wa	chichi-wa-eiyuu-haha-wa-seirei-musume-no-watashi-wa.yaml		父は英雄、母は精霊、娘の私は転生者。|ja-Latn=Chichi wa Eiyuu, Haha wa Seirei, Musume no Watashi wa Tenseisha.
chikuwa-senki-ore-no-kawaii-de-chikyuu-shinryaku	chikuwa-senki-ore-no-kawaii-de-chikyuu-shinryaku.yaml		ちくわ戦記～おれのカワイイで地球侵略～|ja-Latn=Chikuwa Senki: Ore no Kawaii de Chikyuu Shinryaku
chikyuu-no-latair	chikyuu-no-latair.yaml		地球のラテール|ja-Latn=Chikyuu no Latair
chinpui-eri-sama-no-good-luck	chinpui-eri-sama-no-good-luck.yaml		チンプイ エリさまのグッドラック|ja-Latn=Chinpui: Eri-sama no Good Luck
chitose-kun-wa-ramune-bin-no-naka	chitose-kun-wa-ramune-bin-no-naka.yaml		千歳くんはラムネ瓶のなか|ja-Latn=Chitose-kun wa Ramune Bin no Naka
choeganggonglyong-miniforce	choeganggonglyong-miniforce.yaml		최강공룡 미니특공대|ko-Latn=Choeganggonglyong Miniforce
chotto-dake-ai-ga-omoi-dark-elf-ga-isekai-kara-oikaketekita-mini	chotto-dake-ai-ga-omoi-dark-elf-ga-isekai-kara-oikaketekita-mini.yaml		ちょっとだけ愛が重いダークエルフが異世界から追いかけてきたミニアニメ劇場|ja-Latn=Chotto dake Ai ga Omoi Dark Elf ga Isekai kara Oikaketekita Mini Anime Gekijou
chotto-dake-ai-ga-omoi-dark-elf-ga-isekai-kara-oikaketekita	chotto-dake-ai-ga-omoi-dark-elf-ga-isekai-kara-oikaketekita.yaml		ちょっとだけ愛が重すぎるダークエルフが異世界から追いかけてきた|ja-Latn=Chotto dake Ai ga Omoi Dark Elf ga Isekai kara Oikaketekita
chou-futsuu-mahou-shoujo-asumi-toruverse	chou-futsuu-mahou-shoujo-asumi-toruverse.yaml		超普通マホウ少女アスミトルバース|ja-Latn=Chou Futsuu Mahou Shoujo Asumi Toruverse
chuuzenji-sensei-mononoke-kougiroku-sensei-ga-nazo-wo	chuuzenji-sensei-mononoke-kougiroku-sensei-ga-nazo-wo.yaml		中禅寺先生物怪講義録 先生が謎を解いてしまうから。|ja-Latn=Chuuzenji-sensei Mononoke Kougiroku: Sensei ga Nazo wo Hodoite Shimau kara.
city-the-animation	city-the-animation.yaml		City The Animation
class-no-daikirai-na-joshi-to-kekkon-suru-koto-ni-natta	class-no-daikirai-na-joshi-to-kekkon-suru-koto-ni-natta.yaml		クラスの大嫌いな女子と結婚することになった。|ja-Latn=Class no Daikirai na Joshi to Kekkon suru Koto ni Natta.
classic-stars	classic-stars.yaml		クラシック★スターズ|ja-Latn=Classic★Stars
clevatess-majuu-no-ou-to-akago-to-shikabane-no-yuusha	clevatess-majuu-no-ou-to-akago-to-shikabane-no-yuusha.yaml		クレバテス-魔獣の王と赤子と屍の勇者|ja-Latn=Clevatess: Majuu no Ou to Akago to Shikabane no Yuusha
compass-2-0-sentou-setsuri-kaiseki-system	compass-2-0-sentou-setsuri-kaiseki-system.yaml		#コンパス2.0 戦闘摂理解析システム ANIMATION PROJECT|ja-Latn=#Compass 2.0: Sentou Setsuri Kaiseki System
crayon-shin-chan-movie-33-chou-karei-shakunetsu-no-kasukabe	crayon-shin-chan-movie-33-chou-karei-shakunetsu-no-kasukabe.yaml		クレヨンしんちゃん 超華麗！灼熱のカスカベダンサーズ|ja-Latn=Crayon Shin-chan Movie 33: Chou Karei! Shakunetsu no Kasukabe Dancers
dandadan	dandadan.yaml		ダンダダン|ja-Latn=Dandadan
danjo-no-yuujou-wa-seiritsu-suru-iya-shinai	danjo-no-yuujou-wa-seiritsu-suru-iya-shinai.yaml		男女の友情は成立する？（いや、しないっ！！）|ja-Latn=Danjo no Yuujou wa Seiritsu suru? (Iya, Shinai!!)
dark-machine-the-animation	dark-machine-the-animation.yaml		Dark Machine: The Animation
dark-moon-tsuki-no-saidan	dark-moon-tsuki-no-saidan.yaml		DARK MOON　-黒の月: 月の祭壇- Original By DARK MOON : THE BLOOD ALTAR WITH ENHYPEN|ja-Latn=Dark Moon: Tsuki no Saidan
darwin-jihen	darwin-jihen.yaml		ダーウィン事変|en=The Darwin Incident|ja-Latn=Darwin Jihen
dead-account	dead-account.yaml		デッドアカウント|ja-Latn=Dead Account
debu-to-love-to-ayamachi-to	debu-to-love-to-ayamachi-to.yaml		デブとラブと過ちと！|ja-Latn=Debu to Love to Ayamachi to!
dekin-no-mogura	dekin-no-mogura.yaml		出禁のモグラ|ja-Latn=Dekin no Mogura
demon-slayer	demon-slayer.yaml		鬼滅の刃|en=Demon Slayer
diamond-no-ace	diamond-no-ace.yaml		ダイヤのA[エース]|ja-Latn=Diamond no Ace
digimon-beatbreak	digimon-beatbreak.yaml		デジモンビートブレイク|ja-Latn=Digimon Beatbreak
dive-in	dive-in.yaml		ダイブイン！|ja-Latn=Dive In!
doraemon-movie-44-nobita-no-e-sekai-monogatari	doraemon-movie-44-nobita-no-e-sekai-monogatari.yaml		ドラえもん のび太の絵世界物語|ja-Latn=Doraemon Movie 44: Nobita no E Sekai Monogatari
dotoli-munhwasenteo	dotoli-munhwasenteo.yaml		도토리 문화센터|ko-Latn=Dotoli Munhwasenteo
douse-koishite-shimaunda	douse-koishite-shimaunda.yaml		どうせ, 恋してしまうんだ.|ja-Latn=Douse, Koishite Shimaunda.
dr-stone-science-future	dr-stone-science-future.yaml		ドクターストーン SCIENCE FUTURE|ja-Latn=Dr. Stone: Science Future
dragon-heart-reikai-tanbouki	dragon-heart-reikai-tanbouki.yaml		ドラゴン・ハート―霊界探訪記―|ja-Latn=Dragon Heart: Reikai Tanbouki
egao-no-taenai-shokuba-desu	egao-no-taenai-shokuba-desu.yaml		笑顔のたえない職場です。|ja-Latn=Egao no Taenai Shokuba desu.
eleceed	eleceed.yaml		エレキシード / 일렉시드|ja-Latn=Eleceed
enen-no-shouboutai	enen-no-shouboutai.yaml		炎炎ノ消防隊|en=Fire Force|ja-Latn=Enen no Shouboutai
eris-no-seihai	eris-no-seihai.yaml		エリスの聖杯|en=The Holy Grail of Eris|ja-Latn=Eris no Seihai
everyday-host	everyday-host.yaml		えぶりでいホスト|ja-Latn=Everyday Host
farmagia	farmagia.yaml		ファーマギア|ja-Latn=Farmagia
fate-stay-night	fate.yaml	1	Fate/stay night
fate-zero	fate.yaml	1	Fate/Zero
fate-strange-fake	fate.yaml	1	Fate/strange Fake
fei-ren-zai-xian-shi-wan-jia	fei-ren-zai-xian-shi-wan-jia.yaml		非人哉：限时玩家|zh-Latn=Fei Ren Zai: Xian Shi Wan Jia
fermat-no-ryouri	fermat-no-ryouri.yaml		フェルマーの料理|ja-Latn=Fermat no Ryouri
first-light	first-light.yaml		ファースト・ライト|ja-Latn=First Light
food-court-de-mata-ashita	food-court-de-mata-ashita.yaml		フードコートで、また明日|ja-Latn=Food Court de, Mata Ashita.
fuguushoku-kanteishi-ga-jitsu-wa-saikyou-datta	fuguushoku-kanteishi-ga-jitsu-wa-saikyou-datta.yaml		不遇職【鑑定士】が実は最強だった～奈落で鍛えた最強の【神眼】で無双する～|ja-Latn=Fuguushoku "Kanteishi" ga Jitsu wa Saikyou Datta
fumetsu-no-anata-e	fumetsu-no-anata-e.yaml		不滅のあなたへ|ja-Latn=Fumetsu no Anata e
fushigi-no-kuni-de-alice-to-dive-in-wonderland	fushigi-no-kuni-de-alice-to-dive-in-wonderland.yaml		不思議の国でアリスと -Dive in Wonderland|ja-Latn=Fushigi no Kuni de Alice to: Dive in Wonderland
futari-solo-camp	futari-solo-camp.yaml		ふたりソロキャンプ|ja-Latn=Futari Solo Camp
futsuu-no-seikatsu	futsuu-no-seikatsu.yaml		普通の生活|ja-Latn=Futsuu no Seikatsu
future-kid-takara	future-kid-takara.yaml		フューチャーキッドタカラ|ja-Latn=Future Kid Takara
fx-senshi-kurumi-chan	fx-senshi-kurumi-chan.yaml		FX戦士くるみちゃん|en=FX Fighter Kurumi-chan|ja-Latn=FX Senshi Kurumi-chan
gachiakuta	gachiakuta.yaml		ガチアクタ|ja-Latn=Gachiakuta
gakkou-de-wa-oshiete-kurenai-taisetsu-na-koto	gakkou-de-wa-oshiete-kurenai-taisetsu-na-koto.yaml		学校では教えてくれない大切なこと|ja-Latn=Gakkou de wa Oshiete Kurenai Taisetsu na Koto
galaxy-apartment-cosmo-hills	galaxy-apartment-cosmo-hills.yaml		ギャラクシーアパート★コスモヒルズ|ja-Latn=Galaxy Apartment☆Cosmo Hills
game-center-shoujo-to-ibunka-kouryuu	game-center-shoujo-to-ibunka-kouryuu.yaml		ゲーセン少女と異文化交流|ja-Latn=Game Center Shoujo to Ibunka Kouryuu
ganbare-nakamura-kun	ganbare-nakamura-kun.yaml		ガンバレ! 中村くん!!|ja-Latn=Ganbare! Nakamura-kun!!
ganglion	ganglion.yaml		ガングリオン|ja-Latn=Ganglion
gelpiyo	gelpiyo.yaml		ゲルぴよ|ja-Latn=Gelpiyo
ghost-concert-missing-songs	ghost-concert-missing-songs.yaml		ゴーストコンサート : missing Songs|ja-Latn=Ghost Concert: Missing Songs
ginga-tokkyuu-milky-subway	ginga-tokkyuu-milky-subway.yaml		銀河特急 ミルキー☆サブウェイ|ja-Latn=Ginga Tokkyuu Milky☆Subway
girls-and-panzer-motto-love-love-sakusen-desu	girls-and-panzer-motto-love-love-sakusen-desu.yaml		ガールズ＆パンツァー もっとらぶらぶ作戦です！|ja-Latn=Girls & Panzer: Motto Love Love Sakusen desu!
girls-band-cry-movie	girls-band-cry-movie.yaml		総集編ガールズバンドクライ 青春狂走曲|ja-Latn=Girls Band Cry Movie
girls-band-cry-naa-mirai	girls-band-cry-naa-mirai.yaml		ガールズバンドクライ なぁ、未来。|ja-Latn=GIRLS BAND CRY: Naa, Mirai.
glass-and-kumo	glass-and-kumo.yaml		Glass and Kumo
gnosia	gnosia.yaml		グノーシア|ja-Latn=Gnosia
go-go-vehicle-zoo	go-go-vehicle-zoo.yaml		ゴー！ゴ―！びーくるずー|ja-Latn=Go! Go! Vehicle Zoo
golden-kamuy	golden-kamuy.yaml		ゴールデンカムイ|ja-Latn=Golden Kamuy
good-mourning	good-mourning.yaml		グッド・喪ーニング|ja-Latn=GOOD-MOURNING
gorilla-no-kami-kara-kago-sareta-reijou-wa-ouritsu-kishidan	gorilla-no-kami-kara-kago-sareta-reijou-wa-ouritsu-kishidan.yaml		ゴリラの神から加護された令嬢は王立騎士団で可愛がられる|ja-Latn=Gorilla no Kami kara Kago sareta Reijou wa Ouritsu Kishidan de Kawaigarareru
goumon-baito-kun-no-nichijou	goumon-baito-kun-no-nichijou.yaml		拷問バイトくんの日常|en=The Daily Life of a Part-time Torturer|ja-Latn=Goumon Baito-kun no Nichijou
grand-blue	grand-blue.yaml		ぐらんぶる|ja-Latn=Grand Blue
grisaia-phantom-trigger	grisaia-phantom-trigger.yaml		グリザイア:ファントムトリガー THE ANIMATION|ja-Latn=Grisaia: Phantom Trigger
guild-no-uketsukejou-desu-ga-zangyou-wa-iya-nanode-boss-wo	guild-no-uketsukejou-desu-ga-zangyou-wa-iya-nanode-boss-wo.yaml		ギルドの受付嬢ですが、残業は嫌なのでボスをソロ討伐しようと思います|ja-Latn=Guild no Uketsukejou desu ga, Zangyou wa Iya nanode Boss wo Solo Toubatsu Shiyou to Omoimasu
guilty-gear-strive-dual-rulers	guilty-gear-strive-dual-rulers.yaml		ギルティギア Strive: Dual Rulers|ja-Latn=Guilty Gear Strive: Dual Rulers
haai-myakumyaku-desu	haai-myakumyaku-desu.yaml		はーい！ミャクミャクです|ja-Latn=Haai! Myakumyaku desu
haibara-kun-no-tsuyokute-seishun-new-game	haibara-kun-no-tsuyokute-seishun-new-game.yaml		灰原くんの強くて青春ニューゲーム|en=Haibara's Teenage New Game+|ja-Latn=Haibara-kun no Tsuyokute Seishun New Game
haite-kudasai-takamine-san	haite-kudasai-takamine-san.yaml		履いてください、鷹峰さん|ja-Latn=Haite Kudasai, Takamine-san
hana-doll-reinterpretation-of-flowering	hana-doll-reinterpretation-of-flowering.yaml		華Doll*-Reinterpretation of Flowering|ja-Latn=Hana-Doll*: Reinterpretation of Flowering
hana-wa-saku-shura-no-gotoku	hana-wa-saku-shura-no-gotoku.yaml		花は咲く、修羅の如く|ja-Latn=Hana wa Saku, Shura no Gotoku
hanazakari-no-kimitachi-e	hanazakari-no-kimitachi-e.yaml		花さかりの君たちへ|ja-Latn=Hanazakari no Kimitachi e
hateshinaki-scarlet	hateshinaki-scarlet.yaml		果てしなきスカーレット|ja-Latn=Hateshinaki Scarlet
hazure-skill-kinomi-master-skill-no-mi-tabetara-shinu-wo	hazure-skill-kinomi-master-skill-no-mi-tabetara-shinu-wo.yaml		外れスキル《木の実マスター》 ～スキルの実（食べたら死ぬ）を無限に食べられるようになった件について～|ja-Latn=Hazure Skill "Kinomi Master": Skill no Mi (Tabetara Shinu) wo Mugen ni Taberareru You ni Natta Ken ni Tsuite
heika-watashi-wo-wasurete-kudasai	heika-watashi-wo-wasurete-kudasai.yaml		陛下わたしを忘れてください|ja-Latn=Heika Watashi wo Wasurete Kudasai
hell-mode-yarikomizuki-no-gamer-wa-hai-settei-no-isekai	hell-mode-yarikomizuki-no-gamer-wa-hai-settei-no-isekai.yaml		ヘルモード ~やり込み好きのゲーマーは廃設定の異世界で無双する~ はじまりの召喚士|ja-Latn=Hell Mode: Yarikomizuki no Gamer wa Hai Settei no Isekai de Musou suru
heya-nikki	heya-nikki.yaml		部屋日記|ja-Latn=Heya Nikki
hibi-wa-sugiredo-meshi-umashi	hibi-wa-sugiredo-meshi-umashi.yaml		日々は過ぎれど飯うまし|ja-Latn=Hibi wa Sugiredo Meshi Umashi
hidarikiki-no-eren	hidarikiki-no-eren.yaml		左ききのエレン|en=Eren the Southpaw|ja-Latn=Hidarikiki no Eren
higeki-no-genkyou-to-naru-saikyou-gedou-last-boss-joou-wa	higeki-no-genkyou-to-naru-saikyou-gedou-last-boss-joou-wa.yaml		悲劇の元凶となる最強外道ラスボス女王は民の為に尽くします.|ja-Latn=Higeki no Genkyou to Naru Saikyou Gedou Last Boss Joou wa Tami no Tame ni Tsukushimasu.
high-school-kimengumi-2026	high-school-kimengumi-2026.yaml		ハイスクール! 奇面組 (2026)|ja-Latn=High School! Kimengumi (2026)
hikaru-ga-shinda-natsu	hikaru-ga-shinda-natsu.yaml		光が死んだ夏|ja-Latn=Hikaru ga Shinda Natsu
hikuidori-ushuu-boro-tobi-gumi	hikuidori-ushuu-boro-tobi-gumi.yaml		火喰鳥 羽州ぼろ鳶組|ja-Latn=Hikuidori: Ushuu Boro Tobi-gumi
himekishi-wa-barbaroi-no-yome	himekishi-wa-barbaroi-no-yome.yaml		姫騎士は蛮族の嫁|en=The Barbarian's Bride|ja-Latn=Himekishi wa Barbaroi no Yome
himesama-goumon-no-jikan-desu	himesama-goumon-no-jikan-desu.yaml		姫様"拷問"の時間です|ja-Latn=Himesama "Goumon" no Jikan desu
himitsu-no-aipri	himitsu-no-aipri.yaml		ひみつのアイプリ|ja-Latn=Himitsu no AiPri
hokuto-no-ken-fist-of-the-north-star	hokuto-no-ken-fist-of-the-north-star.yaml		北斗の拳 -FIST OF THE NORTH STAR-|ja-Latn=Hokuto no Ken: Fist of the North Star
hokuto-no-ken-kenougun-zako-tachi-no-banka	hokuto-no-ken-kenougun-zako-tachi-no-banka.yaml		Animatica「北斗の拳 拳王軍ザコたちの挽歌」|ja-Latn=Hokuto no Ken: Kenougun Zako-tachi no Banka
honey-lemon-soda	honey-lemon-soda.yaml		ハニーレモンソーダ|ja-Latn=Honey Lemon Soda
honzuki-no-gekokujou	honzuki-no-gekokujou.yaml		本好きの下剋上 ～司書になるためには手段を選んでいられません～|ja-Latn=Honzuki no Gekokujou: Shisho ni Naru Tame ni wa Shudan wo Erandeiraremasen
hoppe-chan-sun-oukoku-to-kuro-hoppe-dan-no-himitsu	hoppe-chan-sun-oukoku-to-kuro-hoppe-dan-no-himitsu.yaml		ほっぺちゃん ~サン王国と黒ほっぺ団の秘密~|ja-Latn=Hoppe-chan: Sun Oukoku to Kuro Hoppe-dan no Himitsu
hoshi-no-kodomo-to-hajimari-no-ki	hoshi-no-kodomo-to-hajimari-no-ki.yaml		星の子どもとはじまりの樹|ja-Latn=Hoshi no Kodomo to Hajimari no Ki
hotel-inhumans	hotel-inhumans.yaml		ホテル・インヒューマンズ|ja-Latn=Hotel Inhumans
housenka	housenka.yaml		ホウセンカ|ja-Latn=Housenka
hyakki-yakou-shou	hyakki-yakou-shou.yaml		百鬼夜行抄|ja-Latn=Hyakki Yakou Shou
hyakuemu	hyakuemu.yaml		ひゃくえむ。|ja-Latn=Hyakuemu.
hyakushou-kizoku	hyakushou-kizoku.yaml		百姓貴族|ja-Latn=Hyakushou Kizoku
hypnosis-mic-division-rap-battle-movie	hypnosis-mic-division-rap-battle-movie.yaml		ヒプノシスマイク -Division Rap Battle- 映画|ja-Latn=Hypnosis Mic: Division Rap Battle Movie
i	i.yaml		I
ibitte-konai-gibo-to-gishi	ibitte-konai-gibo-to-gishi.yaml		いびってこない義母と義姉|en=My Stepmother and Stepsisters Aren't Wicked|ja-Latn=Ibitte Konai Gibo to Gishi
ichijouma-mankitsugurashi	ichijouma-mankitsugurashi.yaml		一畳間まんきつ暮らし!|ja-Latn=Ichijouma Mankitsugurashi!
idolish7-first-beat-theatrical-compilation-part-ii	idolish7-first-beat-theatrical-compilation-part-ii.yaml		アイドリッシュセブン First BEAT! 劇場総集編 後編|ja-Latn=IDOLiSH7: First BEAT! Theatrical Compilation - Part II
idolish7-first-beat-theatrical-compilation	idolish7-first-beat-theatrical-compilation.yaml		アイドリッシュセブン First BEAT! 劇場総集編 前編|ja-Latn=IDOLiSH7: First BEAT! Theatrical Compilation
ikoku-nikki	ikoku-nikki.yaml		異國日記|ja-Latn=Ikoku Nikki
ingoku-danchi	ingoku-danchi.yaml		インゴクダンチ|ja-Latn=Ingoku Danchi
inu-ringo	inu-ringo.yaml		いぬりんご|ja-Latn=Inu Ringo
isekai-mokushiroku-mynoghra-hametsu-no-bunmei-de-hajimeru	isekai-mokushiroku-mynoghra-hametsu-no-bunmei-de-hajimeru.yaml		異世界黙示録マイノグーラ ～破滅の文明で始める世界征服～|ja-Latn=Isekai Mokushiroku Mynoghra: Hametsu no Bunmei de Hajimeru Sekai Seifuku
isekai-no-sata-wa-shachiku-shidai	isekai-no-sata-wa-shachiku-shidai.yaml		異世界の沙汰は社畜次第|en=The Other World's Books Depend on the Bean Counter|ja-Latn=Isekai no Sata wa Shachiku Shidai
isekai-nonbiri-nouka	isekai-nonbiri-nouka.yaml		異世界のんびり農家|en=Farming Life in Another World|ja-Latn=Isekai Nonbiri Nouka
isekai-quartet	isekai-quartet.yaml		異世界かるてっと|ja-Latn=Isekai Quartet
ishura	ishura.yaml		異修羅|ja-Latn=Ishura
isshun-de-chiryou-shiteita-noni-yakutatazu-to-tsuihou	isshun-de-chiryou-shiteita-noni-yakutatazu-to-tsuihou.yaml		一瞬で治療していたのに役立たずと追放された天才治癒師、闇ヒーラーとして楽しく生きる|ja-Latn=Isshun de Chiryou shiteita noni Yakutatazu to Tsuihou sareta Tensai Chiyushi, Yami Healer toshite Tanoshiku Ikiru
ito-amu-itonamu	ito-amu-itonamu.yaml		いとあむ、いとなむ。|ja-Latn=Ito Amu, Itonamu
izure-saikyou-no-renkinjutsushi	izure-saikyou-no-renkinjutsushi.yaml		いずれ最強の錬金術師？|ja-Latn=Izure Saikyou no Renkinjutsushi?
jibaku-shounen-hanako-kun	jibaku-shounen-hanako-kun.yaml		地縛少年花子くん|ja-Latn=Jibaku Shounen Hanako-kun
jidou-hanbaiki-ni-umarekawatta-ore-wa-meikyuu-wo-samayou	jidou-hanbaiki-ni-umarekawatta-ore-wa-meikyuu-wo-samayou.yaml		自動販売機に生まれ変わった俺は迷宮を彷徨う|en=Reborn as a Vending Machine, I Now Wander the Dungeon|ja-Latn=Jidou Hanbaiki ni Umarekawatta Ore wa Meikyuu wo Samayou
jigoku-sensei-nube-2025	jigoku-sensei-nube-2025.yaml		地獄先生ぬ～べ～ (2025)|ja-Latn=Jigoku Sensei Nube (2025)
jigokuraku	jigokuraku.yaml		地狱乐|ja-Latn=Jigokuraku
jigu-ui-juin-eun-goyangi-da	jigu-ui-juin-eun-goyangi-da.yaml		지구의 주인은 고양이다|ko-Latn=Jigu-ui Juin-eun Goyangi-da
jingai-kyoushitsu-no-ningengirai-kyoushi	jingai-kyoushitsu-no-ningengirai-kyoushi.yaml		人外教室の人間嫌い教師|en=A Misanthrope Teaches a Class for Demi-Humans|ja-Latn=Jingai Kyoushitsu no Ningengirai Kyoushi
jirai-nan-desu-ka-chihara-san	jirai-nan-desu-ka-chihara-san.yaml		地雷なんですか? 地原さん|ja-Latn=Jirai nan desu ka? Chihara-san
jishou-akuyaku-reijou-na-konyakusha-no-kansatsu-kiroku	jishou-akuyaku-reijou-na-konyakusha-no-kansatsu-kiroku.yaml		自称悪役令嬢な婚約者の観察記録.|ja-Latn=Jishou Akuyaku Reijou na Konyakusha no Kansatsu Kiroku.
jochum	jochum.yaml		ジェオチャム|ja-Latn=Jochum
jujutsu-kaisen	jujutsu-kaisen.yaml		呪術廻戦|ja-Latn=Jujutsu Kaisen
junk-world	junk-world.yaml		Junk World
kagaku-x-bouken-survival	kagaku-x-bouken-survival.yaml		科学×冒険サバイバル！|ja-Latn=Kagaku x Bouken Survival!
kaijuu-8-gou	kaijuu-8-gou.yaml		怪獣8号|ja-Latn=Kaijuu 8-gou
kaijuu-sekai-seifuku	kaijuu-sekai-seifuku.yaml		かいじゅうせかいせいふく|ja-Latn=Kaijuu Sekai Seifuku
kaitou-queen-no-yuuga-na-vacances	kaitou-queen-no-yuuga-na-vacances.yaml		怪盗クイーンの優雅な休暇（バカンス）|ja-Latn=Kaitou Queen no Yuuga na Vacances
kakkou-no-iinazuke	kakkou-no-iinazuke.yaml		カッコウの許嫁|ja-Latn=Kakkou no Iinazuke
kakuriyo-no-yadomeshi-ni	kakuriyo-no-yadomeshi-ni.yaml		かくりよの宿飯 弐|ja-Latn=Kakuriyo no Yadomeshi Ni
kakushite-makina-san	kakushite-makina-san.yaml		かくして！ マキナさん！！|ja-Latn=Kakushite! Makina-san!!
kami-no-niwatsuki-kusunoki-tei	kami-no-niwatsuki-kusunoki-tei.yaml		神の庭付き楠木邸|en=Kusunoki's Garden of Gods|ja-Latn=Kami no Niwatsuki Kusunoki-tei
kami-no-shizuku	kami-no-shizuku.yaml		神の雫|en=The Drops of God|ja-Latn=Kami no Shizuku
kamiina-botan-yoeru-sugata-wa-yuri-no-hana	kamiina-botan-yoeru-sugata-wa-yuri-no-hana.yaml		上伊那ぼたん, 酔へる姿は百合の花|ja-Latn=Kamiina Botan, Yoeru Sugata wa Yuri no Hana
kamitsubaki-shi-kensetsuchuu	kamitsubaki-shi-kensetsuchuu.yaml		神椿市建設中。|ja-Latn=Kamitsubaki-shi Kensetsuchuu.
kanagawa-ni-sunderu-elf	kanagawa-ni-sunderu-elf.yaml		#神奈川に住んでるエルフ|ja-Latn=#Kanagawa ni Sunderu Elf
kanan-sama-wa-akumade-choroi	kanan-sama-wa-akumade-choroi.yaml		カナン様はあくまでチョロい|en=Mistress Kanan Is Devilishly Easy|ja-Latn=Kanan-sama wa Akumade Choroi
kanchigai-no-atelier-meister-eiyuu-party-no-moto	kanchigai-no-atelier-meister-eiyuu-party-no-moto.yaml		勘違いの工房主〈アトリエマイスター〉 英雄パーティの元雑用係が、実は戦闘以外がSSSランクだったというよくある話|ja-Latn=Kanchigai no Atelier Meister: Eiyuu Party no Moto Zatsuyougakari ga, Jitsu wa Sentou Igai ga SSS Rank Datta to Iu Yoku Aru Hanashi
kankin-kuiki-level-x	kankin-kuiki-level-x.yaml		監禁区域レベルX|ja-Latn=Kankin Kuiki Level X
kanojo-okarishimasu	kanojo-okarishimasu.yaml		彼女, お借りします|ja-Latn=Kanojo, Okarishimasu
kanpekisugite-kawaige-ga-nai-to-konyaku-haki-sareta-seijo	kanpekisugite-kawaige-ga-nai-to-konyaku-haki-sareta-seijo.yaml		完璧すぎて可愛げがないと婚約破棄された聖女は隣国に売られる|ja-Latn=Kanpekisugite Kawaige ga Nai to Konyaku Haki sareta Seijo wa Ringoku ni Urareru
kao-ni-denai-kashiwada-san-to-kao-ni-deru-oota-kun	kao-ni-denai-kashiwada-san-to-kao-ni-deru-oota-kun.yaml		顔に出ない柏田さんと顔に出る太田君|ja-Latn=Kao ni Denai Kashiwada-san to Kao ni Deru Oota-kun
kaoru-hana-wa-rin-to-saku	kaoru-hana-wa-rin-to-saku.yaml		薫る花は凛と咲く|ja-Latn=Kaoru Hana wa Rin to Saku
karaoke-iko	karaoke-iko.yaml		カラオケ⾏こ！|ja-Latn=Karaoke Iko!
katainaka-no-ossan-kensei-ni-naru	katainaka-no-ossan-kensei-ni-naru.yaml		片田舎のおっさん、剣聖になる ～ただの田舎の剣術師範だったのに、大成した弟子たちが俺を放ってくれない件～|ja-Latn=Katainaka no Ossan, Kensei ni Naru
kaya-chan-wa-kowakunai	kaya-chan-wa-kowakunai.yaml		カヤちゃんはコワくない|en=Kaya-chan Isn't Scary|ja-Latn=Kaya-chan wa Kowakunai
kekkon-yubiwa-monogatari	kekkon-yubiwa-monogatari.yaml		結婚指輪物語|ja-Latn=Kekkon Yubiwa Monogatari
kidou-senshi-gundam-gquuuuuux	kidou-senshi-gundam-gquuuuuux.yaml		機動戦士Gundam GQuuuuuuX（ジークアクス）|ja-Latn=Kidou Senshi Gundam: GQuuuuuuX
kijin-gentoushou	kijin-gentoushou.yaml		鬼人幻燈抄|ja-Latn=Kijin Gentoushou
kikaijikake-no-marie	kikaijikake-no-marie.yaml		機械じかけのマリー|ja-Latn=Kikaijikake no Marie
kikansha-no-mahou-wa-tokubetsu-desu	kikansha-no-mahou-wa-tokubetsu-desu.yaml		帰還者の魔法は特別です|en=A Returner's Magic Should Be Special|ja-Latn=Kikansha no Mahou wa Tokubetsu desu
kill-ao	kill-ao.yaml		キルアオ|en=Kill Blue|ja-Latn=Kill Ao
kimi-no-koto-ga-daidaidaidaidaisuki-na-100-nin-no-kanojo	kimi-no-koto-ga-daidaidaidaidaisuki-na-100-nin-no-kanojo.yaml		君のことが大大大大大好きな100人の彼女|ja-Latn=Kimi no Koto ga Daidaidaidaidaisuki na 100-nin no Kanojo
kimi-to-idol-precure	kimi-to-idol-precure.yaml		キミとアイドルプリキュア♪|ja-Latn=Kimi to Idol Precure♪
kimi-to-koete-koi-ni-naru	kimi-to-koete-koi-ni-naru.yaml		キミと越えて恋になる|ja-Latn=Kimi to Koete Koi ni Naru
king-of-prism-your-endless-call-mi-nna-kirameki-prism-tours	king-of-prism-your-endless-call-mi-nna-kirameki-prism-tours.yaml		KING OF PRISM-Your Endless Call-み～んなきらめけ！プリズム☆ツアーズ|ja-Latn=King of Prism: Your Endless Call - Mi~nna Kirameki! Prism☆Tours
kingdom	kingdom.yaml		キングダム|ja-Latn=Kingdom
kinjo-no-numa	kinjo-no-numa.yaml		近所の沼|ja-Latn=Kinjo no Numa
kinnikuman-kanpeki-choujin-shiso-hen	kinnikuman-kanpeki-choujin-shiso-hen.yaml		キン肉マン 完璧超人始祖編|ja-Latn=Kinnikuman: Kanpeki Choujin Shiso-hen
kirei-ni-shitemoraemasu-ka	kirei-ni-shitemoraemasu-ka.yaml		綺麗にしてもらえますか.|ja-Latn=Kirei ni Shitemoraemasu ka.
kirio-fanclub	kirio-fanclub.yaml		霧尾ファンクラブ|ja-Latn=Kirio Fanclub
kisaki-kyouiku-kara-nigetai-watashi	kisaki-kyouiku-kara-nigetai-watashi.yaml		妃教育から逃げたい私|ja-Latn=Kisaki Kyouiku kara Nigetai Watashi
kizetsu-yuusha-to-ansatsu-hime	kizetsu-yuusha-to-ansatsu-hime.yaml		気絶勇者と暗殺姫|ja-Latn=Kizetsu Yuusha to Ansatsu Hime
kizoku-tensei-megumareta-umare-kara-saikyou-no-chikara-wo	kizoku-tensei-megumareta-umare-kara-saikyou-no-chikara-wo.yaml		貴族転生 ~恵まれた生まれから最強の力を得る~|ja-Latn=Kizoku Tensei: Megumareta Umare kara Saikyou no Chikara wo Eru
kizu-darake-seijo-yori-houfuku-wo-komete	kizu-darake-seijo-yori-houfuku-wo-komete.yaml		傷だらけ聖女より報復をこめて|ja-Latn=Kizu darake Seijo yori Houfuku wo Komete
kobayashi-san-chi-no-maid-dragon-samishigariya-no-ryuu	kobayashi-san-chi-no-maid-dragon-samishigariya-no-ryuu.yaml		小林さんちのメイドラゴン さみしがりやの竜|ja-Latn=Kobayashi-san Chi no Maid Dragon: Samishigariya no Ryuu
koikeya-sdgs-gekijou-suss-to-tina	koikeya-sdgs-gekijou-suss-to-tina.yaml		湖池屋SDGs劇場 サスとテナ|ja-Latn=Koikeya SDGs Gekijou Suss to Tina
komekami-girls	komekami-girls.yaml		こめかみっ！ Girls|ja-Latn=Komekami! Girls
kono-hon-wo-nusumu-mono-wa	kono-hon-wo-nusumu-mono-wa.yaml		この本を盗む者は|ja-Latn=Kono Hon wo Nusumu Mono wa
kono-kaisha-ni-suki-na-hito-ga-imasu	kono-kaisha-ni-suki-na-hito-ga-imasu.yaml		この会社に好きな人がいます|ja-Latn=Kono Kaisha ni Suki na Hito ga Imasu
koori-no-jouheki	koori-no-jouheki.yaml		氷の城壁|en=The Ramparts of Ice|ja-Latn=Koori no Jouheki
koujo-denka-no-kateikyoushi	koujo-denka-no-kateikyoushi.yaml		公女殿下の家庭教師|ja-Latn=Koujo Denka no Kateikyoushi
koupen-chan	koupen-chan.yaml		コウペンちゃん|ja-Latn=Koupen-chan
kowloon-generic-romance	kowloon-generic-romance.yaml		九龍ジェネリックロマンス|ja-Latn=Kowloon Generic Romance
kujima-utaeba-ie-hororo	kujima-utaeba-ie-hororo.yaml		クジマ歌えば家ほろろ|en=Kujima: Why Sing, When You Can Warble?|ja-Latn=Kujima Utaeba Ie Hororo
kumarba	kumarba.yaml		クマーバ|ja-Latn=Kumarba
kuroiwa-medaka-ni-watashi-no-kawaii-ga-tsuujinai	kuroiwa-medaka-ni-watashi-no-kawaii-ga-tsuujinai.yaml		黒岩メダカに私の可愛いが通じない|ja-Latn=Kuroiwa Medaka ni Watashi no Kawaii ga Tsuujinai
kuroneko-to-majo-no-kyoushitsu	kuroneko-to-majo-no-kyoushitsu.yaml		黒猫と魔女の教室|en=The Classroom of a Black Cat and a Witch|ja-Latn=Kuroneko to Majo no Kyoushitsu
kuroshitsuji	kuroshitsuji.yaml		黒執事|ja-Latn=Kuroshitsuji
kusuriya-no-hitorigoto	kusuriya-no-hitorigoto.yaml		薬屋のひとりごと|ja-Latn=Kusuriya no Hitorigoto
langlang-shan-xiao-yaoguai	langlang-shan-xiao-yaoguai.yaml		浪浪山小妖怪|zh-Latn=Langlang Shan Xiao Yaoguai
lazarus	lazarus.yaml		ラザロ|ja-Latn=Lazarus
let-s-play-quest-darake-no-my-life	let-s-play-quest-darake-no-my-life.yaml		Let’s Play クエストだらけのマイライフ|ja-Latn=Let's Play: Quest-darake no My Life
liaozhai-lanre-si	liaozhai-lanre-si.yaml		聊斋：兰若寺|zh-Latn=Liaozhai: Lanre Si
liar-game	liar-game.yaml		LIAR GAME -ライアーゲーム-|ja-Latn=Liar Game
loca	loca.yaml		ロカ！|ja-Latn=Loca!
love-live-nijigasaki-gakuen-school-idol-doukoukai-kanketsu	love-live-nijigasaki-gakuen-school-idol-doukoukai-kanketsu.yaml		ラブライブ！虹ヶ咲学園スクールアイドル同好会 完結編 第2章|ja-Latn=Love Live! Nijigasaki Gakuen School Idol Doukoukai: Kanketsu-hen Part 2
luffy-law	luffy-law.yaml		ONE PIECE オリジナルエピソード／ルフィ、ロー|ja-Latn=Luffy, Law
luo-xiaohei-zhanji-2	luo-xiaohei-zhanji-2.yaml		罗小黑战记2|zh-Latn=Luo Xiaohei Zhanji 2
lupin-the-iiird-the-movie-fujimi-no-ketsuzoku	lupin-the-iiird-the-movie-fujimi-no-ketsuzoku.yaml		LUPIN THE IIIRD THE MOVIE 不死身の血族|ja-Latn=Lupin the IIIrd the Movie: Fujimi no Ketsuzoku
maebashi-witches	maebashi-witches.yaml		前橋ウィッチーズ|ja-Latn=Maebashi Witches
magic-maker-isekai-mahou-no-tsukurikata	magic-maker-isekai-mahou-no-tsukurikata.yaml		マジック・メイカー －異世界魔法の作り方－|ja-Latn=Magic Maker: Isekai Mahou no Tsukurikata
mahou-no-shimai-lulutto-lilly	mahou-no-shimai-lulutto-lilly.yaml		魔法の姉妹ルルットリリィ|en=Magical Sisters LuluttoLilly|ja-Latn=Mahou no Shimai Lulutto Lilly
mahoutsukai-no-yakusoku	mahoutsukai-no-yakusoku.yaml		魔法使いの約束 Promise of Wizard|ja-Latn=Mahoutsukai no Yakusoku
mahoutsukai-precure-mirai-days	mahoutsukai-precure-mirai-days.yaml		魔法つかいプリキュア！！～MIRAI DAYS～|ja-Latn=Mahoutsukai Precure!! Mirai Days
maid-san-wa-taberu-dake	maid-san-wa-taberu-dake.yaml		メイドさんは食べるだけ|en=The Food Diary of Miss Maid|ja-Latn=Maid-san wa Taberu dake
mairimashita-iruma-kun	mairimashita-iruma-kun.yaml		魔入りました! 入間くん|ja-Latn=Mairimashita! Iruma-kun
majutsushi-kunon-wa-mieteiru	majutsushi-kunon-wa-mieteiru.yaml		魔術師クノンは見えている|en=Kunon the Sorcerer Can See|ja-Latn=Majutsushi Kunon wa Mieteiru
make-a-girl	make-a-girl.yaml		メイクアガール|ja-Latn=Make a Girl
mao-he-lao-shu-xing-pan-qi-yuan	mao-he-lao-shu-xing-pan-qi-yuan.yaml		猫和老鼠：星盘奇缘|zh-Latn=Mao he Lao Shu: Xing Pan qi Yuan
mao	mao.yaml		マオ|ja-Latn=Mao
maou-no-musume-wa-yasashisugiru	maou-no-musume-wa-yasashisugiru.yaml		魔王の娘は優しすぎる!!|en=The Daughter of the Demon Lord Is Too Kind!|ja-Latn=Maou no Musume wa Yasashisugiru!!
marika-chan-no-koukando-wa-bukkowareteiru	marika-chan-no-koukando-wa-bukkowareteiru.yaml		茉莉花ちゃんの好感度はぶっ壊れている|en=Marika's Love Meter Malfunction|ja-Latn=Marika-chan no Koukando wa Bukkowareteiru
marriagetoxin	marriagetoxin.yaml		マリッジトキシン|ja-Latn=Marriagetoxin
mashin-souzouden-wataru	mashin-souzouden-wataru.yaml		魔神創造伝ワタル|ja-Latn=Mashin Souzouden Wataru
masuda-kousuke-gekijou-gag-manga-biyori-go	masuda-kousuke-gekijou-gag-manga-biyori-go.yaml		増田こうすけ劇場 ギャグマンガ日和GO|ja-Latn=Masuda Kousuke Gekijou: Gag Manga Biyori Go
mata-korosarete-shimatta-no-desu-ne-tantei-sama	mata-korosarete-shimatta-no-desu-ne-tantei-sama.yaml		また殺されてしまったのですね, 探偵様|ja-Latn=Mata Korosarete Shimatta no desu ne, Tantei-sama
mato-seihei-no-slave	mato-seihei-no-slave.yaml		魔都精兵のスレイブ|en=Chained Soldier|ja-Latn=Mato Seihei no Slave
mattaku-saikin-no-tantei-to-kitara	mattaku-saikin-no-tantei-to-kitara.yaml		まったく最近の探偵ときたら|ja-Latn=Mattaku Saikin no Tantei to Kitara
mayonaka-heart-tune	mayonaka-heart-tune.yaml		真夜中ハートチューン|en=Tune In to the Midnight Heart|ja-Latn=Mayonaka Heart Tune
medalist	medalist.yaml		メダリスト|ja-Latn=Medalist
megami-isekai-tensei-nani-ni-naritai-desu-ka-ore-yuusha	megami-isekai-tensei-nani-ni-naritai-desu-ka-ore-yuusha.yaml		女神「異世界転生先は何になりたいですか」 俺「勇者の肋骨で」|ja-Latn=Megami "Isekai Tensei Nani ni Naritai desu ka" Ore "Yuusha no Rokkotsu de"
meitantei-conan-movie-28-sekigan-no-flashback	meitantei-conan-movie-28-sekigan-no-flashback.yaml		名探偵コナン 隻眼の残像(フラッシュバック)|ja-Latn=Meitantei Conan Movie 28: Sekigan no Flashback
meitantei-precure	meitantei-precure.yaml		TanPre (たんプリ)|ja-Latn=Meitantei Precure!
metal-cardbot-w	metal-cardbot-w.yaml		메탈카드봇W|ko-Latn=Metal Cardbot W
mf-ghost	mf-ghost.yaml		エムエフゴースト|ja-Latn=MF Ghost
mikadono-sanshimai-wa-angai-choroi	mikadono-sanshimai-wa-angai-choroi.yaml		帝乃三姉妹は案外、チョロい。|ja-Latn=Mikadono Sanshimai wa Angai, Choroi.
mikata-ga-yowasugite-hojo-mahou-ni-tesshiteita-kyuutei	mikata-ga-yowasugite-hojo-mahou-ni-tesshiteita-kyuutei.yaml		味方が弱すぎて補助魔法に徹していた宮廷魔法師、追放されて最強を目指す|ja-Latn=Mikata ga Yowasugite Hojo Mahou ni Tesshiteita Kyuutei Mahoushi, Tsuihou sarete Saikyou wo Mezasu
minimini-minini	minimini-minini.yaml		ミニミニ minini|ja-Latn=Minimini Minini
miru-watashi-no-mirai	miru-watashi-no-mirai.yaml		未ル わたしのみらい|ja-Latn=Miru: Watashi no Mirai
mizu-zokusei-no-mahoutsukai	mizu-zokusei-no-mahoutsukai.yaml		水属性の魔法使い|ja-Latn=Mizu Zokusei no Mahoutsukai
momentary-lily	momentary-lily.yaml		もめんたりー・リリィ|ja-Latn=Momentary Lily
mono	mono.yaml		Mono
mononoke-movie-2-hinezumi	mononoke-movie-2-hinezumi.yaml		モノノ怪 第二章 火鼠|ja-Latn=Mononoke Movie 2: Hinezumi
monster-strike-deadverse-reloaded	monster-strike-deadverse-reloaded.yaml		モンスターストライク デッドバースリローデッド|ja-Latn=Monster Strike: Deadverse Reloaded
muchuu-sa-kimi-ni	muchuu-sa-kimi-ni.yaml		夢中さ、きみに。|ja-Latn=Muchuu sa, Kimi ni.
mumei-no-jinsei	mumei-no-jinsei.yaml		無名の人生|ja-Latn=Mumei no Jinsei
mushoku-no-eiyuu-betsu-ni-skill-nanka-iranakatta-n-da-ga	mushoku-no-eiyuu-betsu-ni-skill-nanka-iranakatta-n-da-ga.yaml		無職の英雄 別にスキルなんか要らなかったんだが|ja-Latn=Mushoku no Eiyuu: Betsu ni Skill Nanka Iranakatta n da ga
muzik-tiger-in-the-forest	muzik-tiger-in-the-forest.yaml		ムジークタイガー|ja-Latn=Muzik Tiger In the Forest
nageki-no-bourei-wa-intai-shitai	nageki-no-bourei-wa-intai-shitai.yaml		嘆きの亡霊は引退したい ～最弱ハンターによる最強パーティ育成術～|ja-Latn=Nageki no Bourei wa Intai shitai
naruto-shinsaku-anime	naruto-shinsaku-anime.yaml		NARUTO -ナルト- (新作アニメ)|ja-Latn=Naruto (Shinsaku Anime)
nazotoki-wa-dinner-no-ato-de	nazotoki-wa-dinner-no-ato-de.yaml		謎解きはディナーのあとで|ja-Latn=Nazotoki wa Dinner no Ato de
necronomico-no-cosmic-horror-show	necronomico-no-cosmic-horror-show.yaml		ネクロノミ子のコズミックホラーショウ|ja-Latn=Necronomico no Cosmic Horror Show
needy-girl-overdose	needy-girl-overdose.yaml		ニーディガール オーバードーズ|ja-Latn=Needy Girl Overdose
neet-kunoichi-to-nazeka-dousei-hajimemashita	neet-kunoichi-to-nazeka-dousei-hajimemashita.yaml		ニートくノ一となぜか同棲はじめました|ja-Latn=NEET Kunoichi to Nazeka Dousei Hajimemashita
neko-konogoro	neko-konogoro.yaml		ネコこのゴロ|ja-Latn=Neko Konogoro
neo-atom-tanjou	neo-atom-tanjou.yaml		ネオアトム誕生|ja-Latn=Neo Atom Tanjou
new-panty-and-stocking-with-garterbelt	new-panty-and-stocking-with-garterbelt.yaml		New Panty & Stocking with Garterbelt
nezha-zhi-mo-tong-nao-hai	nezha-zhi-mo-tong-nao-hai.yaml		哪吒之魔童闹海|zh-Latn=Nezha Zhi Mo Tong Nao Hai
nezumi-kun-no-chokki-tv	nezumi-kun-no-chokki-tv.yaml		ねずみくんのチョッキ (TV)|ja-Latn=Nezumi-kun no Chokki (TV)
nigashita-sakana-wa-ookikatta-ga-tsuriageta-sakana-ga	nigashita-sakana-wa-ookikatta-ga-tsuriageta-sakana-ga.yaml		逃がした魚は大きかったが釣りあげた魚が大きすぎた件|en=Always a Catch!|ja-Latn=Nigashita Sakana wa Ookikatta ga Tsuriageta Sakana ga Ookisugita Ken
nihon-e-youkoso-elf-san	nihon-e-youkoso-elf-san.yaml		日本へようこそエルフさん。|ja-Latn=Nihon e Youkoso Elf-san.
nini-to-nene-no-dai-dasshutsu	nini-to-nene-no-dai-dasshutsu.yaml		ニニとネネのだいだっしゅつ|ja-Latn=Nini to Nene no Dai Dasshutsu
ninja-batman-tai-yakuza-league	ninja-batman-tai-yakuza-league.yaml		ニンジャバットマン対ヤクザリーグ|ja-Latn=Ninja Batman tai Yakuza League
ninja-to-gokudou	ninja-to-gokudou.yaml		忍者と極道|ja-Latn=Ninja to Gokudou
ninja-to-koroshiya-no-futarigurashi	ninja-to-koroshiya-no-futarigurashi.yaml		忍者と殺し屋のふたりぐらし|ja-Latn=Ninja to Koroshiya no Futarigurashi
nippon-sangoku	nippon-sangoku.yaml		日本三國|ja-Latn=Nippon Sangoku
niwatori-fighter	niwatori-fighter.yaml		ニワトリ・ファイター|en=Rooster Fighter|ja-Latn=Niwatori Fighter
nmeneko	nmeneko.yaml		ンめねこ|ja-Latn=Nmeneko
nohara-hiroshi-hiru-meshi-no-ryuugi	nohara-hiroshi-hiru-meshi-no-ryuugi.yaml		野原ひろし 昼メシの流儀|ja-Latn=Nohara Hiroshi: Hiru Meshi no Ryuugi
nyaight-of-the-living-cat	nyaight-of-the-living-cat.yaml		ニャイト・オブ・ザ・リビングキャット|ja-Latn=Nyaight of the Living Cat
octopolis	octopolis.yaml		オクトポリス|ja-Latn=OCTOPOLIS
odayaka-kizoku-no-kyuuka-no-susume	odayaka-kizoku-no-kyuuka-no-susume.yaml		穏やか貴族の休暇のすすめ.|ja-Latn=Odayaka Kizoku no Kyuuka no Susume.
odekake-kozame	odekake-kozame.yaml		おでかけ子ザメ シーズン2|ja-Latn=Odekake Kozame
oide-yo-mahou-shoujo-mura-fuhou-senkyo	oide-yo-mahou-shoujo-mura-fuhou-senkyo.yaml		おいでよ魔法少女村（不法占拠）|ja-Latn=Oide yo Mahou Shoujo Mura (Fuhou Senkyo)
ojisan-wa-kawaii-mono-ga-osuki	ojisan-wa-kawaii-mono-ga-osuki.yaml		おじさんはカワイイものがお好き.|ja-Latn=Ojisan wa Kawaii Mono ga Osuki.
okinawa-de-suki-ni-natta-ko-ga-hougen-sugite-tsurasugiru	okinawa-de-suki-ni-natta-ko-ga-hougen-sugite-tsurasugiru.yaml		沖縄で好きになった子が方言すぎてツラすぎる|ja-Latn=Okinawa de Suki ni Natta Ko ga Hougen Sugite Tsurasugiru
okiraku-ryoushu-no-tanoshii-ryouchi-bouei-seisankei	okiraku-ryoushu-no-tanoshii-ryouchi-bouei-seisankei.yaml		お気楽領主の楽しい領地防衛 ～生産系魔術で名もなき村を最強の城塞都市に～|ja-Latn=Okiraku Ryoushu no Tanoshii Ryouchi Bouei: Seisankei Majutsu de Na mo Naki Mura wo Saikyou no Jousai Toshi ni
omae-gotoki-ga-maou-ni-kateru-to-omouna-to-yuusha-party	omae-gotoki-ga-maou-ni-kateru-to-omouna-to-yuusha-party.yaml		「お前ごときが魔王に勝てると思うな」と勇者パーティを追放されたので, 王都で気ままに暮らしたい|ja-Latn="Omae Gotoki ga Maou ni Kateru to Omouna" to Yuusha Party wo Tsuihou sareta node, Outo de Kimama ni Kurashitai
omae-wa-mada-gunma-wo-shiranai-reiwa-ban	omae-wa-mada-gunma-wo-shiranai-reiwa-ban.yaml		お前はまだグンマを知らない~令和版~|ja-Latn=Omae wa Mada Gunma wo Shiranai: Reiwa-ban
one-punch-man	one-punch-man.yaml		ワンパンマン|ja-Latn=One Punch Man
onegai-aipri	onegai-aipri.yaml		おねがいアイプリ|ja-Latn=Onegai AiPri
onmyou-kaiten-re-birth	onmyou-kaiten-re-birth.yaml		陰陽廻天 Re:バース|ja-Latn=Onmyou Kaiten Re:Birth
ore-dake-level-up-na-ken	ore-dake-level-up-na-ken.yaml		俺だけレベルアップな件|ja-Latn=Ore dake Level Up na Ken
ore-wa-seikan-kokka-no-akutoku-ryoushu	ore-wa-seikan-kokka-no-akutoku-ryoushu.yaml		俺は星間国家の悪徳領主！|ja-Latn=Ore wa Seikan Kokka no Akutoku Ryoushu!
osananajimi-to-wa-love-comedy-ni-naranai	osananajimi-to-wa-love-comedy-ni-naranai.yaml		幼馴染とはラブコメにならない|en=You Can't Be in a Rom-Com with Your Childhood Friends!|ja-Latn=Osananajimi to wa Love Comedy ni Naranai
oshi-no-ko	oshi-no-ko.yaml		【推しの子】Mother and Children|ja-Latn=[Oshi no Ko]
oshiri-dandy-the-young	oshiri-dandy-the-young.yaml		おしりダンディ ザ・ヤング|ja-Latn=Oshiri Dandy the Young
oshiri-tantei	oshiri-tantei.yaml		おしりたんてい|ja-Latn=Oshiri Tantei
osomatsu-san	osomatsu-san.yaml		おそ松さん|ja-Latn=Osomatsu-san
otaku-ni-yasashii-gal-wa-inai	otaku-ni-yasashii-gal-wa-inai.yaml		オタクに優しいギャルはいない!?|en=Gals Can't Be Kind to Otaku!?|ja-Latn=Otaku ni Yasashii Gal wa Inai!?
otome-game-sekai-wa-mob-ni-kibishii-sekai-desu	otome-game-sekai-wa-mob-ni-kibishii-sekai-desu.yaml		乙女ゲー世界はモブに厳しい世界です|ja-Latn=Otome Game Sekai wa Mob ni Kibishii Sekai desu
otonari-no-tenshi-sama-ni-itsunomanika-dame-ningen-ni	otonari-no-tenshi-sama-ni-itsunomanika-dame-ningen-ni.yaml		お隣の天使様にいつの間にか駄目人間にされていた件|en=The Angel Next Door Spoils Me Rotten|ja-Latn=Otonari no Tenshi-sama ni Itsunomanika Dame Ningen ni Sareteita Ken
peleliu-rakuen-no-guernica	peleliu-rakuen-no-guernica.yaml		ペリリュー～楽園のゲルニカ～|ja-Latn=Peleliu: Rakuen no Guernica
ponkotsu-fuuki-iin-to-skirt-take-ga-futekisetsu-na-jk-no	ponkotsu-fuuki-iin-to-skirt-take-ga-futekisetsu-na-jk-no.yaml		ポンコツ風紀委員とスカート丈が不適切なJKの話|en=The Klutzy Class Monitor and the Girl with the Short Skirt|ja-Latn=Ponkotsu Fuuki Iin to Skirt-take ga Futekisetsu na JK no Hanashi
potion-wagami-wo-tasukeru	potion-wagami-wo-tasukeru.yaml		ポーション、わが身を助ける|ja-Latn=Potion, Wagami wo Tasukeru
princess-catch-tiniping	princess-catch-tiniping.yaml		프린세스 캐치! 티니핑|ko-Latn=Princess Catch! Tiniping
princess-principal-crown-handler-4	princess-principal-crown-handler-4.yaml		プリンセス・プリンシパル Crown Handler 第4章|ja-Latn=Princess Principal: Crown Handler 4
princession-orchestra	princession-orchestra.yaml		プリンセッション・オーケストラ|ja-Latn=Princession Orchestra
project-sekai-movie-kowareta-sekai-to-utaenai-miku	project-sekai-movie-kowareta-sekai-to-utaenai-miku.yaml		プロジェクトセカイ 壊れたセカイと歌えないミク|ja-Latn=Project Sekai Movie: Kowareta Sekai to Utaenai Miku
puniru-wa-kawaii-slime	puniru-wa-kawaii-slime.yaml		ぷにるはかわいいスライム|ja-Latn=Puniru wa Kawaii Slime
punirunes	punirunes.yaml		ぷにるんず|ja-Latn=Punirunes
q	q.yaml		キュー|ja-Latn=Q
rainbow-bubblegem-2-secret	rainbow-bubblegem-2-secret.yaml		레인보우 버블젬 2 시크릿|ko-Latn=Rainbow Bubblegem 2: Secret
ramen-akaneko	ramen-akaneko.yaml		ラーメン赤猫|ja-Latn=Ramen Akaneko
ranbi-wa	ranbi-wa.yaml		燃比娃|zh-Latn=Ranbi Wa
ranma-1-2-2024	ranma-1-2-2024.yaml		らんま½|ja-Latn=Ranma ½ (2024)
re-zero-kara-hajimeru-isekai-seikatsu	re-zero-kara-hajimeru-isekai-seikatsu.yaml		Re:ゼロから始める異世界生活 新編集版|ja-Latn=Re:Zero kara Hajimeru Isekai Seikatsu
reincarnation-no-kaben	reincarnation-no-kaben.yaml		リィンカーネーションの花弁|en=Petals of Reincarnation|ja-Latn=Reincarnation no Kaben
replica-datte-koi-wo-suru	replica-datte-koi-wo-suru.yaml		レプリカだって, 恋をする.|ja-Latn=Replica datte, Koi wo Suru.
rest	rest.yaml		Rest
rilakkuma	rilakkuma.yaml		リラックマ ～ごゆるり夢の旅～|ja-Latn=Rilakkuma
rock-wa-lady-no-tashinami-deshite	rock-wa-lady-no-tashinami-deshite.yaml		ロックは淑女〈レディ〉の嗜みでして|ja-Latn=Rock wa Lady no Tashinami deshite
romelia-senki	romelia-senki.yaml		Romelia Senki: Maou wo Taoshita Nochi mo Jinrui Yaba Souda kara Guntai Soshiki Shita (ロメリア戦記 ～魔王を倒した後も人類やばそうだから軍隊組織した～)|ja-Latn=Romelia Senki
ruri-no-houseki	ruri-no-houseki.yaml		瑠璃の宝石|ja-Latn=Ruri no Houseki
s-rank-monster-no-behemoth-dakedo-neko-to-machigawarete-elf	s-rank-monster-no-behemoth-dakedo-neko-to-machigawarete-elf.yaml		Ｓランクモンスターの《ベヒーモス》だけど、猫と間違われてエルフ娘の騎士（ペット）として暮らしてます|ja-Latn=S-Rank Monster no "Behemoth" dakedo, Neko to Machigawarete Elf Musume no Pet toshite Kurashitemasu
sai-kyo-oh-zukan-the-ultimate-tournament	sai-kyo-oh-zukan-the-ultimate-tournament.yaml		最強王図鑑～The Ultimate Tournament～|ja-Latn=Sai-Kyo-Oh! Zukan: The Ultimate Tournament
saigo-ni-hitotsu-dake-onegai-shitemo-yoroshii-deshou-ka	saigo-ni-hitotsu-dake-onegai-shitemo-yoroshii-deshou-ka.yaml		最後にひとつだけお願いしてもよろしいでしょうか|ja-Latn=Saigo ni Hitotsu dake Onegai shitemo Yoroshii deshou ka
saikyou-no-ousama-nidome-no-jinsei-wa-nani-wo-suru	saikyou-no-ousama-nidome-no-jinsei-wa-nani-wo-suru.yaml		最強の王様, 二度目の人生は何をする?|ja-Latn=Saikyou no Ousama, Nidome no Jinsei wa Nani wo Suru?
saka-no-me	saka-no-me.yaml		さかのめ|ja-Latn=Saka no Me
sakamoto-days	sakamoto-days.yaml		サカモトデイズ|ja-Latn=Sakamoto Days
salaryman-ga-isekai-ni-ittara-shitennou-ni-natta-hanashi	salaryman-ga-isekai-ni-ittara-shitennou-ni-natta-hanashi.yaml		サラリーマンが異世界に行ったら四天王になった話|ja-Latn=Salaryman ga Isekai ni Ittara Shitennou ni Natta Hanashi
sanda	sanda.yaml		サンダ|ja-Latn=Sanda
sasaki-to-pii-chan	sasaki-to-pii-chan.yaml		佐々木とピーちゃん|en=Sasaki and Peeps|ja-Latn=Sasaki to Pii-chan
sawaranaide-kotesashi-kun-mini-anime-gekijou	sawaranaide-kotesashi-kun-mini-anime-gekijou.yaml		さわらないで小手指くんスピンオフミニアニメ|ja-Latn=Sawaranaide Kotesashi-kun Mini Anime Gekijou
sawaranaide-kotesashi-kun	sawaranaide-kotesashi-kun.yaml		さわらないで小手指くん|ja-Latn=Sawaranaide Kotesashi-kun
second-prettiest-girl-in-class	second-prettiest-girl-in-class.yaml		クラスで2番目に可愛い女の子と友だちになった|en=I Made Friends with the Second Prettiest Girl in My Class
seihantai-na-kimi-to-boku	seihantai-na-kimi-to-boku.yaml		正反対な君と僕|en=You and I Are Polar Opposites|ja-Latn=Seihantai na Kimi to Boku
seishun-buta-yarou-wa-santa-claus-no-yume-wo-minai	seishun-buta-yarou-wa-santa-claus-no-yume-wo-minai.yaml		青春ブタ野郎はサンタクロースの夢を見ない|ja-Latn=Seishun Buta Yarou wa Santa Claus no Yume wo Minai
senpai-wa-otokonoko-movie-ame-nochi-hare	senpai-wa-otokonoko-movie-ame-nochi-hare.yaml		先輩はおとこのこ あめのち晴れ|ja-Latn=Senpai wa Otokonoko Movie: Ame Nochi Hare
sentai-daishikkaku	sentai-daishikkaku.yaml		戦隊大失格|ja-Latn=Sentai Daishikkaku
sentai-red-isekai-de-boukensha-ni-naru	sentai-red-isekai-de-boukensha-ni-naru.yaml		戦隊レッド異世界で冒険者になる|ja-Latn=Sentai Red Isekai de Boukensha ni Naru
shabake	shabake.yaml		しゃばけ|ja-Latn=Shabake
shibou-yuugi-de-meshi-wo-kuu	shibou-yuugi-de-meshi-wo-kuu.yaml		死亡遊戯で飯を食う.|ja-Latn=Shibou Yuugi de Meshi wo Kuu.
shibuya-hachi	shibuya-hachi.yaml		シブヤ♡ハチ|ja-Latn=Shibuya♡Hachi
shijian-zhizi	shijian-zhizi.yaml		时间之子|zh-Latn=Shijian Zhizi
shin-samurai-den-yaiba	shin-samurai-den-yaiba.yaml		真･侍伝 YAIBA|ja-Latn=Shin Samurai-den Yaiba
shinjiteita-nakama-tachi-ni-dungeon-okuchi-de	shinjiteita-nakama-tachi-ni-dungeon-okuchi-de.yaml		信じていた仲間達にダンジョン奥地で殺されかけたがギフト無限ガチャでレベル9999の仲間達を手に入れて元パーティーメンバーと世界に復讐＆ざまぁ！します！|ja-Latn=Shinjiteita Nakama-tachi ni Dungeon Okuchi de Korosarekaketa ga Gift "Mugen Gacha" de Level 9999 no Nakama-tachi wo Te ni Irete Moto Party Member to Sekai ni Fukushuu & "Zamaa!" Shimasu!
shinobanai-crypto-ninja-sakuya	shinobanai-crypto-ninja-sakuya.yaml		忍ばない！クリプトニンジャ咲耶|ja-Latn=Shinobanai! Crypto Ninja Sakuya
shinsei-tamamizu-monogatari	shinsei-tamamizu-monogatari.yaml		新生・玉水物語|ja-Latn=Shinsei: Tamamizu Monogatari
shirobuta-kizoku-desu-ga-zense-no-kioku-ga-haeta-node	shirobuta-kizoku-desu-ga-zense-no-kioku-ga-haeta-node.yaml		白豚貴族ですが前世の記憶が生えたのでひよこな弟育てます|ja-Latn=Shirobuta Kizoku desu ga Zense no Kioku ga Haeta node Hiyoko na Otouto Sodatemasu
shiunji-ke-no-kodomotachi	shiunji-ke-no-kodomotachi.yaml		紫雲寺家の子供たち|ja-Latn=Shiunji-ke no Kodomotachi
shou-3-ashibe-qq-goma-chan	shou-3-ashibe-qq-goma-chan.yaml		小3アシベ QQゴマちゃん|ja-Latn=Shou 3 Ashibe QQ Goma-chan
shoushimin-series	shoushimin-series.yaml		小市民シリーズ|ja-Latn=Shoushimin Series
shunkashuutou-daikousha-haru-no-mai	shunkashuutou-daikousha-haru-no-mai.yaml		春夏秋冬代行者 春の舞|ja-Latn=Shunkashuutou Daikousha: Haru no Mai
shuukan-ranobe-anime	shuukan-ranobe-anime.yaml		週刊ラノベアニメ|ja-Latn=Shuukan Ranobe Anime
shuumatsu-touring	shuumatsu-touring.yaml		終末ツーリング|ja-Latn=Shuumatsu Touring
si-vis-the-sound-of-heroes	si-vis-the-sound-of-heroes.yaml		シーヴィス|ja-Latn=SI-VIS: The Sound of Heroes
silent-witch-chinmoku-no-majo-no-kakushigoto	silent-witch-chinmoku-no-majo-no-kakushigoto.yaml		サイレント・ウィッチ 沈黙の魔女の隠しごと|ja-Latn=Silent Witch: Chinmoku no Majo no Kakushigoto
skip-to-loafer	skip-to-loafer.yaml		スキップとローファー|en=Skip and Loafer|ja-Latn=Skip to Loafer
slime-taoshite-300-nen-shiranai-uchi-ni-level-max-ni	slime-taoshite-300-nen-shiranai-uchi-ni-level-max-ni.yaml		スライム倒して３００年、知らないうちにレベルＭＡＸになってました|ja-Latn=Slime Taoshite 300-nen, Shiranai Uchi ni Level Max ni Nattemashita
snowball-earth	snowball-earth.yaml		スノウボールアース|ja-Latn=Snowball Earth
sono-bisque-doll-wa-koi-wo-suru	sono-bisque-doll-wa-koi-wo-suru.yaml		その着せ替え人形（ビスク・ドール）は恋をする|ja-Latn=Sono Bisque Doll wa Koi wo Suru
sorairo-utility	sorairo-utility.yaml		空色ユーティリティ|ja-Latn=Sorairo Utility
sore-ike-anpanman-chapon-no-hero	sore-ike-anpanman-chapon-no-hero.yaml		えいがそれいけ！アンパンマン チャポンのヒーロー！|ja-Latn=Sore Ike! Anpanman: Chapon no Hero!
sousei-no-aquarion-myth-of-emotions	sousei-no-aquarion-myth-of-emotions.yaml		創星のアクエリオン Myth of Emotions|ja-Latn=Sousei no Aquarion: Myth of Emotions
sousou-no-frieren	sousou-no-frieren.yaml		葬送のフリーレン|en=Frieren: Beyond Journey's End|ja-Latn=Sousou no Frieren
sozai-saishuka-no-isekai-ryokouki	sozai-saishuka-no-isekai-ryokouki.yaml		素材採取家の異世界旅行記|ja-Latn=Sozai Saishuka no Isekai Ryokouki
spy-x-family	spy-x-family.yaml		スパイファミリー|ja-Latn=Spy x Family
sumikko-gurashi-koko-ga-ochitsukun-desu	sumikko-gurashi-koko-ga-ochitsukun-desu.yaml		すみっコぐらし ここがおちつくんです|ja-Latn=Sumikko Gurashi: Koko ga Ochitsukun desu
sumikko-gurashi-movie-4-sora-no-oukoku-to-futari-no-ko	sumikko-gurashi-movie-4-sora-no-oukoku-to-futari-no-ko.yaml		すみっコぐらし 空の王国とふたりのコ|ja-Latn=Sumikko Gurashi Movie 4: Sora no Oukoku to Futari no Ko
summer-pockets-naruse-shiroha-hen	summer-pockets-naruse-shiroha-hen.yaml		Summer Pockets 鳴瀬しろは編|ja-Latn=Summer Pockets: Naruse Shiroha-hen
summer-pockets-sorakado-ao-hen	summer-pockets-sorakado-ao-hen.yaml		Summer Pockets 空門蒼編|ja-Latn=Summer Pockets: Sorakado Ao-hen
summer-pockets-tsumugi-wenders-hen	summer-pockets-tsumugi-wenders-hen.yaml		Summer Pockets 紬ヴェンダース編|ja-Latn=Summer Pockets: Tsumugi Wenders-hen
summer-pockets	summer-pockets.yaml		サマーポケッツ|ja-Latn=Summer Pockets
sylvanian-families-freya-no-wonder-days	sylvanian-families-freya-no-wonder-days.yaml		シルバニアファミリー フレアのワンダーデイズ|ja-Latn=Sylvanian Families: Freya no Wonder Days
synapusyu-the-movie-pushu-hoppe-dancing-party	synapusyu-the-movie-pushu-hoppe-dancing-party.yaml		シナぷしゅ THE MOVIE ぷしゅほっぺダンシングPARTY|ja-Latn=Synapusyu The Movie: Pushu Hoppe Dancing Party
tabekko-doubutsu-the-movie	tabekko-doubutsu-the-movie.yaml		たべっ子どうぶつ THE MOVIE|ja-Latn=Tabekko Doubutsu The Movie
tadaima-ojamasaremasu	tadaima-ojamasaremasu.yaml		ただいま, おじゃまされます!|ja-Latn=Tadaima, Ojamasaremasu!
taiyou-yori-mo-mabushii-hoshi	taiyou-yori-mo-mabushii-hoshi.yaml		太陽よりも眩しい星|ja-Latn=Taiyou yori mo Mabushii Hoshi
tamala-2030-a-punk-cat-in-dark	tamala-2030-a-punk-cat-in-dark.yaml		Tamala 2030: A Punk Cat in Dark
tamon-kun-ima-docchi	tamon-kun-ima-docchi.yaml		多聞くん今どっち!?|en=Tamon's B-Side|ja-Latn=Tamon-kun Ima Docchi!?
tasokare-hotel	tasokare-hotel.yaml		誰ソ彼ホテル|ja-Latn=Tasokare Hotel
tate-no-yuusha-no-nariagari	tate-no-yuusha-no-nariagari.yaml		盾の勇者の成り上がり|ja-Latn=Tate no Yuusha no Nariagari
tensei-akujo-no-kuro-rekishi	tensei-akujo-no-kuro-rekishi.yaml		転生悪女の黒歴史|ja-Latn=Tensei Akujo no Kuro Rekishi
tensei-shitara-dainana-ouji-datta-node-kimama-ni-majutsu-wo	tensei-shitara-dainana-ouji-datta-node-kimama-ni-majutsu-wo.yaml		転生したら第七王子だったので、気ままに魔術を極めます|ja-Latn=Tensei shitara Dainana Ouji Datta node, Kimama ni Majutsu wo Kiwamemasu
tensei-shitara-dragon-no-tamago-datta	tensei-shitara-dragon-no-tamago-datta.yaml		転生したらドラゴンの卵だった ～最強以外目指さねぇ～|ja-Latn=Tensei shitara Dragon no Tamago datta
tensei-shitara-slime-datta-ken	tensei-shitara-slime-datta-ken.yaml		転生したらスライムだった件|en=That Time I Got Reincarnated as a Slime|ja-Latn=Tensei shitara Slime Datta Ken
teogonia	teogonia.yaml		神統記（テオゴニア）|ja-Latn=Teogonia
tetsunabe-no-jan	tetsunabe-no-jan.yaml		鉄鍋のジャン!|en=Iron Wok Jan|ja-Latn=Tetsunabe no Jan!
thunderbolt-fantasy-movie-touri-ken-yuuki-saishuushou	thunderbolt-fantasy-movie-touri-ken-yuuki-saishuushou.yaml		Thunderbolt Fantasy 東離劍遊紀 最終章|ja-Latn=Thunderbolt Fantasy Movie: Touri-ken Yuuki - Saishuushou
toemarok	toemarok.yaml		퇴마록|ko-Latn=Toemarok
tomica-and-tom	tomica-and-tom.yaml		トミカとトム|ja-Latn=TOMICA & TOM
tomica-heroes-jobraver-tokusou-gattai-robo	tomica-heroes-jobraver-tokusou-gattai-robo.yaml		トミカヒーローズ ジョブレイバー 特装合体ロボ|ja-Latn=Tomica Heroes Jobraver: Tokusou Gattai Robo
tomodachi-no-imouto-ga-ore-ni-dake-uzai	tomodachi-no-imouto-ga-ore-ni-dake-uzai.yaml		友達の妹が俺にだけウザい|ja-Latn=Tomodachi no Imouto ga Ore ni dake Uzai
tondemo-skill-de-isekai-hourou-meshi	tondemo-skill-de-isekai-hourou-meshi.yaml		とんでもスキルで異世界放浪メシ|ja-Latn=Tondemo Skill de Isekai Hourou Meshi
tongari-boushi-no-atelier	tongari-boushi-no-atelier.yaml		とんがり帽子のアトリエ|en=Witch Hat Atelier|ja-Latn=Tongari Boushi no Atelier
tooi-san-wa-seishun-shitai-baka-to-smapho-to-romance-to	tooi-san-wa-seishun-shitai-baka-to-smapho-to-romance-to.yaml		遠井さんは青春したい！バカとスマホとロマンスと|ja-Latn=Tooi-san wa Seishun Shitai! "Baka to SmaPho to Romance to"
toritsukare-otoko	toritsukare-otoko.yaml		トリツカレ男|ja-Latn=Toritsukare Otoko
tougen-anki	tougen-anki.yaml		桃源暗鬼|ja-Latn=Tougen Anki
toujima-tanzaburou-wa-kamen-rider-ni-naritai	toujima-tanzaburou-wa-kamen-rider-ni-naritai.yaml		東島丹三郎は仮面ライダーになりたい|ja-Latn=Toujima Tanzaburou wa Kamen Rider ni Naritai
toumei-otoko-to-ningen-onna-sonouchi-fuufu-ni-naru-futari	toumei-otoko-to-ningen-onna-sonouchi-fuufu-ni-naru-futari.yaml		透明男と人間女~そのうち夫婦になるふたり~|ja-Latn=Toumei Otoko to Ningen Onna: Sonouchi Fuufu ni Naru Futari
towa-no-yuugure	towa-no-yuugure.yaml		永久のユウグレ|ja-Latn=Towa no Yuugure
trigun-stampede	trigun-stampede.yaml		トライガン スタンピード|ja-Latn=Trigun Stampede
trust	trust.yaml		Trust
tsuihousha-shokudou-e-youkoso	tsuihousha-shokudou-e-youkoso.yaml		追放者食堂へようこそ！|ja-Latn=Tsuihousha Shokudou e Youkoso!
tsuyokute-new-saga	tsuyokute-new-saga.yaml		強くてニューサーガ|ja-Latn=Tsuyokute New Saga
turkey	turkey.yaml		ターキー！|ja-Latn=Turkey!
ubel-blatt	ubel-blatt.yaml		ユーベルブラット|ja-Latn=Übel Blatt
uchuujin-muumuu	uchuujin-muumuu.yaml		宇宙人ムームー|ja-Latn=Uchuujin MuuMuu
uma-musume-cinderella-gray	uma-musume-cinderella-gray.yaml		ウマ娘 シンデレラグレイ|ja-Latn=Uma Musume: Cinderella Gray
uniteup-uni-birth	uniteup-uni-birth.yaml		ユナイトアップ！-Uni:Birth|ja-Latn=UniteUp! Uni:Birth
unnamed-memory	unnamed-memory.yaml		アンネームドメモリー|ja-Latn=Unnamed Memory
uruwashi-no-yoi-no-tsuki	uruwashi-no-yoi-no-tsuki.yaml		うるわしの宵の月|en=In the Clear Moonlit Dusk|ja-Latn=Uruwashi no Yoi no Tsuki
uso-tantei-tomanto	uso-tantei-tomanto.yaml		うそ探偵トマント|ja-Latn=Uso Tantei Tomanto
uta-no-prince-sama-movie-taboo-night-kisses	uta-no-prince-sama-movie-taboo-night-kisses.yaml		うたの☆プリンスさまっ♪ TABOO NIGHT XXXX|ja-Latn=Uta no☆Prince-sama♪ Movie: Taboo Night Kisses
utagoe-wa-mille-feuille	utagoe-wa-mille-feuille.yaml		うたごえはミルフィーユ|ja-Latn=Utagoe wa Mille-Feuille
versailles-no-bara	versailles-no-bara.yaml		ベルサイユのばら|ja-Latn=Versailles no Bara
very-chubby-belly	very-chubby-belly.yaml		ベリーチャビーベリー|ja-Latn=Very Chubby Belly
vigilante-boku-no-hero-academia-illegals	vigilante-boku-no-hero-academia-illegals.yaml		ヴィジランテ -僕のヒーローアカデミア ILLEGALS-|ja-Latn=Vigilante: Boku no Hero Academia Illegals
virgin-punk-clockwork-girl	virgin-punk-clockwork-girl.yaml		ヴァージン・パンク Clockwork Girl|ja-Latn=Virgin Punk: Clockwork Girl
wadachi-wo-koete-yuke	wadachi-wo-koete-yuke.yaml		轍を越えてゆけ|ja-Latn=Wadachi wo Koete Yuke
wandance	wandance.yaml		ワンダンス|ja-Latn=Wandance
watari-kun-no-xx-ga-houkai-sunzen	watari-kun-no-xx-ga-houkai-sunzen.yaml		渡くんの××が崩壊寸前|ja-Latn=Watari-kun no xx ga Houkai Sunzen
watashi-ga-koibito-ni-nareru-wake-naijan-murimuri-muri-ja	watashi-ga-koibito-ni-nareru-wake-naijan-murimuri-muri-ja.yaml		わたしが恋人になれるわけないじゃん、ムリムリ! (※ムリじゃなかった!?)|ja-Latn=Watashi ga Koibito ni Nareru Wake Nai jan, Muri Muri! (※Muri ja Nakatta!?)
watashi-no-shiawase-na-kekkon	watashi-no-shiawase-na-kekkon.yaml		わたしの幸せな結婚|ja-Latn=Watashi no Shiawase na Kekkon
watashi-wo-tabetai-hitodenashi	watashi-wo-tabetai-hitodenashi.yaml		私を喰べたい、ひとでなし|ja-Latn=Watashi wo Tabetai, Hitodenashi
wind-breaker	wind-breaker.yaml		ウィンドブレイカー|ja-Latn=Wind Breaker
wistoria	wistoria.yaml		杖と剣のウィストリア|en=Wistoria: Wand and Sword
witch-watch	witch-watch.yaml		ウィッチウォッチ|ja-Latn=Witch Watch
xi-yangyang-yu-hui-tailang-gu-guguai-jie-you-guguai	xi-yangyang-yu-hui-tailang-gu-guguai-jie-you-guguai.yaml		喜羊羊与灰太狼之古古怪界有古怪|zh-Latn=Xi Yangyang Yu Hui Tailang: Gu Guguai Jie You Guguai
xi-yangyang-yu-hui-tailang-kuang-ye-xin-yuzhou	xi-yangyang-yu-hui-tailang-kuang-ye-xin-yuzhou.yaml		喜羊羊与灰太狼之狂野新宇宙|zh-Latn=Xi Yangyang Yu Hui Tailang: Kuang Ye Xin Yuzhou
xi-yangyang-yu-hui-tailang-qi-xia-da-yingjiu	xi-yangyang-yu-hui-tailang-qi-xia-da-yingjiu.yaml		喜羊羊与灰太狼之奇侠大营救|zh-Latn=Xi Yangyang Yu Hui Tailang: Qi Xia da Yingjiu
yami-shibai-16	yami-shibai-16.yaml		暗芝居 第十六季|ja-Latn=Yami Shibai 16
yami-shibai	yami-shibai.yaml		やみしばい|ja-Latn=Yami Shibai
yano-kun-no-futsuu-no-hibi	yano-kun-no-futsuu-no-hibi.yaml		矢野くんの普通の日々|ja-Latn=Yano-kun no Futsuu no Hibi
yasei-no-last-boss-ga-arawareta	yasei-no-last-boss-ga-arawareta.yaml		野生のラスボスが現れた！|ja-Latn=Yasei no Last Boss ga Arawareta!
yell-for-you	yell-for-you.yaml		エールフォーユー|ja-Latn=Yell For You
yeon-ui-pyeonji	yeon-ui-pyeonji.yaml		연의 편지|ko-Latn=Yeon-ui Pyeonji
yofukashi-no-uta	yofukashi-no-uta.yaml		よふかしのうた|ja-Latn=Yofukashi no Uta
yomi-no-tsugai	yomi-no-tsugai.yaml		黄泉のツガイ|en=Daemons of the Shadow Realm|ja-Latn=Yomi no Tsugai
yoroi-shin-den-samurai-troopers	yoroi-shin-den-samurai-troopers.yaml		鎧真伝サムライトルーパー|ja-Latn=Yoroi Shin Den Samurai Troopers
yoru-no-humming	yoru-no-humming.yaml		夜のハミング|ja-Latn=Yoru no Humming
youkoso-jitsuryoku-shijou-shugi-no-kyoushitsu-e	youkoso-jitsuryoku-shijou-shugi-no-kyoushitsu-e.yaml		ようこそ実力至上主義の教室へ|en=Classroom of the Elite|ja-Latn=Youkoso Jitsuryoku Shijou Shugi no Kyoushitsu e
your-forma	your-forma.yaml		ユア・フォルマ|ja-Latn=Your Forma
youtunya	youtunya.yaml		ユーチューニャー|ja-Latn=YouTuNya
yowayowa-sensei	yowayowa-sensei.yaml		よわよわ先生|ja-Latn=Yowayowa Sensei
yozakura-san-chi-no-daisakusen	yozakura-san-chi-no-daisakusen.yaml		夜桜さんちの大作戦|en=Mission: Yozakura Family|ja-Latn=Yozakura-san Chi no Daisakusen
yurukawa-mell-chan	yurukawa-mell-chan.yaml		ゆるかわメルちゃん|ja-Latn=Yurukawa Mell-chan
yuusha-kei-ni-shosu-choubatsu-yuusha-9004-tai-keimu-kiroku	yuusha-kei-ni-shosu-choubatsu-yuusha-9004-tai-keimu-kiroku.yaml		勇者刑に処す 懲罰勇者9004隊刑務記録|en=Sentenced to Be a Hero|ja-Latn=Yuusha-kei ni Shosu: Choubatsu Yuusha 9004-tai Keimu Kiroku
yuusha-no-kuzu	yuusha-no-kuzu.yaml		勇者のクズ|en=Scum of the Brave|ja-Latn=Yuusha no Kuzu
yuusha-party-ni-kawaii-ko-ga-ita-node-kokuhaku-shitemita	yuusha-party-ni-kawaii-ko-ga-ita-node-kokuhaku-shitemita.yaml		勇者パーティーにかわいい子がいたので, 告白してみた.|ja-Latn=Yuusha Party ni Kawaii Ko ga Ita node, Kokuhaku shitemita.
yuusha-party-wo-oidasareta-kiyoubinbou	yuusha-party-wo-oidasareta-kiyoubinbou.yaml		勇者パーティを追い出された器用貧乏|ja-Latn=Yuusha Party wo Oidasareta Kiyoubinbou
yuusha-party-wo-tsuihou-sareta-shiromadoushi-s-rank	yuusha-party-wo-tsuihou-sareta-shiromadoushi-s-rank.yaml		勇者パーティーを追放された白魔導師、Sランク冒険者に拾われる～この白魔導師が規格外すぎる～|ja-Latn=Yuusha Party wo Tsuihou sareta Shiromadoushi, S-Rank Boukensha ni Hirowareru: Kono Shiromadoushi ga Kikakugai Sugiru
zashikiro	zashikiro.yaml		極彩色肉筆絵巻 座敷牢|ja-Latn=Zashikiro
zatsu-tabi-that-s-journey	zatsu-tabi-that-s-journey.yaml		ざつ旅|ja-Latn=Zatsu Tabi: That's Journey
zenryoku-usagi-2023	zenryoku-usagi-2023.yaml		全力ウサギ (アニメプロジェクト)|ja-Latn=Zenryoku Usagi (2023)
zenshuu	zenshuu.yaml		全修。|ja-Latn=Zenshuu.
zombie-no-afureta-sekai-de-ore-dake-ga-osowarenai	zombie-no-afureta-sekai-de-ore-dake-ga-osowarenai.yaml		ゾンビのあふれた世界で俺だけが襲われない|en=In a World Full of Zombies I'm the Only One Who Doesn't Get Attacked|ja-Latn=Zombie no Afureta Sekai de Ore dake ga Osowarenai
zombieland-saga-movie-yumeginga-paradise	zombieland-saga-movie-yumeginga-paradise.yaml		ゾンビランドサガ ゆめぎんがパラダイス|ja-Latn=Zombieland Saga Movie: Yumeginga Paradise
zutaboro-reijou-wa-ane-no-moto-konyakusha-ni-dekiai-sareru	zutaboro-reijou-wa-ane-no-moto-konyakusha-ni-dekiai-sareru.yaml		ずたぼろ令嬢は姉の元婚約者に溺愛される|ja-Latn=Zutaboro Reijou wa Ane no Moto Konyakusha ni Dekiai sareru
!entries	kind	row	first_year	latest_year	works	episodes
series	1	2024	2025	2	24
series	2	2025	2025	1	12
series	3	2026	2026	1	12
series	4	2025	2025	1	12
series	5	2025	2025	1	13
series	6	2025	2025	1	24
series	7	2022	2025	2	24
series	8	2025	2025	1	
series	9	2025	2025	1	
series	10	2026	2026	1	12
series	11	2026	2026	1	12
series	12	2025	2025	1	12
series	13	2025	2025	1	12
series	14	2026	2026	1	12
series	15	2025	2025	1	
series	16	2025	2025	1	11
series	17	2025	2025	1	12
series	18	2025	2025	1	12
series	19	2025	2025	1	13
series	20	2025	2025	1	24
series	21	2025	2025	1	
series	22	2025	2025	1	12
series	23	2011	2025	5	73
series	24	2024	2026	2	38
series	25	2023	2025	2	45
series	26	2025	2025	1	12
series	27	2025	2025	1	24
series	28	2025	2025	1	10
series	29	2026	2026	1	12
series	30	2025	2025	1	13
series	31	2025	2025	1	12
series	32	2025	2025	1	
series	33	2026	2026	1	12
series	34	2025	2025	1	
series	35	2025	2025	1	12
series	36	2025	2025	1	12
series	37	2025	2025	1	12
series	38	2025	2025	1	13
series	39	2025	2025	1	
series	40	2025	2025	1	12
series	41	2017	2026	2	171
series	42	2016	2025	8	170
series	43	2025	2025	1	
series	44	2025	2025	1	
series	45	2025	2025	1	12
series	46	2025	2025	1	
series	47	2025	2025	1	12
series	48	2021	2026	2	24
series	49	2025	2025	1	12
series	50	2025	2025	1	13
series	51	2024	2025	2	20
series	52	2026	2026	1	1
series	53	2025	2025	1	13
series	54	2025	2025	1	12
series	55	2026	2026	1	10
series	56	2025	2025	1	
series	57	2026	2026	1	12
series	58	2025	2025	1	12
series	59	2025	2025	1	
series	60	2023	2025	3	104
series	61	2025	2025	1	12
series	62	2025	2025	1	12
series	63	2025	2025	1	5
series	64	2025	2025	1	
series	65	2025	2025	1	13
series	66	2025	2025	1	26
series	67	2025	2025	1	12
series	68	2025	2025	1	12
series	69	2025	2025	1	13
series	70	2025	2025	1	12
series	71	2025	2025	1	13
series	72	2025	2025	1	12
series	73	2025	2025	1	13
series	74	2025	2025	1	12
series	75	2025	2025	1	12
series	76	2025	2025	1	
series	77	2024	2025	2	24
series	78	2025	2025	1	12
series	79	2026	2026	1	12
series	80	2026	2026	1	12
series	81	2026	2026	1	13
series	82	2026	2026	1	12
series	83	2025	2025	1	12
series	84	2025	2025	1	12
series	85	2019	2025	7	63
series	86	2013	2026	4	190
series	87	2025	2025	1	24
series	88	2025	2025	1	
series	89	2025	2025	1	
series	90	2025	2025	1	26
series	91	2025	2026	2	24
series	92	2025	2026	3	36
series	93	2025	2025	1	
series	94	2025	2025	1	13
series	95	2026	2026	1	1
series	96	2019	2026	4	73
series	97	2026	2026	1	12
series	98	2025	2025	1	24
series	99	2025	2025	1	12
franchise	1	2006	2026	6	74
series	100	2006	2017	3	36
series	101	2011	2012	2	25
series	102	2026	2026	1	13
series	103	2025	2025	1	
series	104	2025	2025	1	12
series	105	2025	2025	1	
series	106	2025	2025	1	6
series	107	2025	2025	1	12
series	108	2021	2025	3	62
series	109	2025	2025	1	
series	110	2025	2025	1	24
series	111	2025	2025	1	
series	112	2025	2025	1	11
series	113	2026	2026	1	12
series	114	2025	2025	1	24
series	115	2025	2025	1	25
series	116	2025	2025	1	
series	117	2025	2025	1	12
series	118	2026	2026	1	13
series	119	2025	2025	1	24
series	120	2026	2026	1	10
series	121	2026	2026	1	12
series	122	2025	2025	1	12
series	123	2025	2025	1	
series	124	2025	2025	1	
series	125	2025	2025	1	
series	126	2025	2025	1	
series	127	2025	2025	1	21
series	128	2023	2025	2	39
series	129	2018	2026	6	62
series	130	2025	2025	1	
series	131	2025	2025	1	12
series	132	2026	2026	1	12
series	133	2018	2025	2	24
series	134	2025	2025	1	13
series	135	2025	2025	1	12
series	136	2025	2025	1	8
series	137	2025	2025	1	8
series	138	2026	2026	1	12
series	139	2025	2025	1	12
series	140	2025	2025	1	12
series	141	2025	2025	1	12
series	142	2026	2026	1	12
series	143	2025	2025	1	
series	144	2025	2025	1	12
series	145	2025	2025	1	12
series	146	2026	2026	1	12
series	147	2025	2025	1	
series	148	2025	2025	1	12
series	149	2026	2026	1	12
series	150	2023	2026	2	24
series	151	2026	2026	1	12
series	152	2025	2025	1	12
series	153	2026	2026	1	12
series	154	2026	2026	1	12
series	155	2024	2026	2	24
series	156	2024	2025	2	102
series	157	2026	2026	1	12
series	158	2026	2026	1	12
series	159	2025	2025	1	12
series	160	2019	2026	4	60
series	161	2026	2026	1	12
series	162	2025	2025	1	
series	163	2025	2025	1	13
series	164	2025	2025	1	
series	165	2026	2026	1	1
series	166	2025	2025	1	
series	167	2023	2025	3	36
series	168	2025	2025	1	
series	169	2025	2025	1	
series	170	2026	2026	1	12
series	171	2026	2026	1	12
series	172	2025	2025	1	
series	173	2025	2025	1	
series	174	2026	2026	1	13
series	175	2026	2026	1	12
series	176	2025	2025	1	
series	177	2025	2025	1	13
series	178	2026	2026	1	12
series	179	2023	2026	2	24
series	180	2019	2025	3	35
series	181	2024	2025	2	24
series	182	2025	2025	1	12
series	183	2025	2025	1	
series	184	2025	2025	1	12
series	185	2020	2025	3	36
series	186	2023	2026	3	36
series	187	2025	2026	2	26
series	188	2023	2026	2	25
series	189	2025	2025	1	13
series	190	2026	2026	1	13
series	191	2026	2026	1	12
series	192	2026	2026	1	12
series	193	2024	2025	2	48
series	194	2020	2026	5	59
series	195	2025	2025	1	
series	196	2024	2025	2	40
series	197	2024	2025	3	23
series	198	2025	2025	1	50
series	199	2025	2025	1	
series	200	2022	2025	2	36
series	201	2025	2025	1	12
series	202	2025	2025	1	12
series	203	2026	2026	1	12
series	204	2026	2026	1	24
series	205	2026	2026	1	12
series	206	2025	2025	1	12
series	207	2026	2026	1	12
series	208	2026	2026	1	12
series	209	2025	2025	1	12
series	210	2024	2025	2	12
series	211	2020	2026	5	60
series	212	2025	2025	1	12
series	213	2025	2025	1	12
series	214	2025	2025	1	13
series	215	2025	2025	1	5
series	216	2025	2025	1	12
series	217	2026	2026	1	12
series	218	2024	2025	2	25
series	219	2025	2025	1	12
series	220	2025	2025	1	24
series	221	2025	2025	1	12
series	222	2023	2026	2	24
series	223	2026	2026	1	12
series	224	2023	2025	2	24
series	225	2025	2025	2	49
series	226	2025	2025	1	12
series	227	2025	2025	1	
series	228	2012	2025	6	155
series	229	2025	2025	1	
series	230	2024	2025	2	22
series	231	2026	2026	1	12
series	232	2026	2026	1	12
series	233	2025	2025	1	12
series	234	2025	2025	1	12
series	235	2026	2026	1	12
series	236	2025	2025	1	12
series	237	2025	2025	1	
series	238	2021	2025	6	78
series	239	2026	2026	1	12
series	240	2025	2025	1	
series	241	2025	2025	1	12
series	242	2026	2026	1	12
series	243	2025	2025	1	12
series	244	2025	2025	1	52
series	245	2025	2025	1	13
series	246	2026	2026	1	12
series	247	2024	2026	3	36
series	248	2025	2025	1	12
series	249	2026	2026	1	12
series	250	2008	2025	5	70
series	251	2023	2025	2	48
series	252	2025	2025	1	
series	253	2025	2025	1	13
series	254	2025	2025	1	12
series	255	2025	2025	1	
series	256	2026	2026	1	24
series	257	2025	2025	1	
series	258	2025	2025	1	
series	259	2025	2025	1	
series	260	2025	2025	1	
series	261	2025	2025	1	
series	262	2025	2025	1	12
series	263	2025	2025	1	12
series	264	2026	2026	1	12
series	265	2025	2025	1	12
series	266	2025	2025	1	12
series	267	2026	2026	1	1
series	268	2019	2026	4	89
series	269	2026	2026	1	13
series	270	2025	2025	1	
series	271	2025	2025	1	
series	272	2026	2026	1	26
series	273	2026	2026	1	12
series	274	2026	2026	1	1
series	275	2026	2026	1	12
series	276	2025	2025	1	24
series	277	2025	2025	1	12
series	278	2026	2026	1	12
series	279	2024	2026	2	24
series	280	2025	2025	1	12
series	281	2026	2026	1	12
series	282	2025	2026	2	22
series	283	2026	2026	1	1
series	284	2025	2025	1	
series	285	2026	2026	1	51
series	286	2026	2026	1	26
series	287	2023	2026	3	37
series	288	2025	2025	1	12
series	289	2025	2025	1	12
series	290	2025	2025	1	52
series	291	2025	2025	1	5
series	292	2025	2025	1	12
series	293	2025	2025	1	13
series	294	2025	2025	1	12
series	295	2025	2025	1	
series	296	2025	2025	1	10
series	297	2025	2025	1	5
series	298	2025	2025	1	
series	299	2025	2025	1	12
series	300	2025	2025	2	30
series	301	2024	2025	2	24
series	302	2026	2026	1	4
series	303	2025	2025	1	12
series	304	2025	2025	1	12
series	305	2026	2026	1	13
series	306	2025	2025	1	24
series	307	2016	2025	2	62
series	308	2025	2025	1	
series	309	2025	2025	1	13
series	310	2025	2025	1	
series	311	2026	2026	1	1
series	312	2026	2026	1	12
series	313	2025	2025	1	12
series	314	2025	2025	1	
series	315	2025	2025	1	
series	316	2025	2025	1	12
series	317	2025	2025	1	12
series	318	2026	2026	1	12
series	319	2026	2026	1	3
series	320	2025	2025	1	48
series	321	2025	2025	1	12
series	322	2025	2025	1	12
series	323	2025	2025	1	
series	324	2026	2026	1	12
series	325	2025	2026	2	1
series	326	2025	2025	1	13
series	327	2026	2026	1	12
series	328	2025	2025	1	12
series	329	2026	2026	1	12
series	330	2026	2026	1	12
series	331	2026	2026	1	12
series	332	2015	2025	3	36
series	333	2026	2026	1	12
series	334	2025	2025	1	12
series	335	2024	2025	2	25
series	336	2025	2025	1	12
series	337	2026	2026	1	12
series	338	2023	2026	3	35
series	339	2026	2026	1	12
series	340	2018	2025	12	137
series	341	2015	2025	4	87
series	342	2026	2026	1	12
series	343	2022	2026	2	24
series	344	2023	2026	2	24
series	345	2025	2025	1	
series	346	2026	2026	1	1
series	347	2025	2025	1	12
series	348	2025	2025	1	26
series	349	2025	2025	1	
series	350	2025	2025	1	48
series	351	2025	2025	1	
series	352	2024	2025	2	24
series	353	2022	2025	3	76
series	354	2025	2025	1	
series	355	2025	2025	1	26
series	356	2024	2025	2	24
series	357	2025	2025	1	
series	358	2024	2025	2	24
series	359	2016	2026	5	85
series	360	2026	2026	1	12
series	361	2026	2026	1	12
series	362	2025	2025	1	
series	363	2026	2026	1	12
series	364	2025	2025	1	13
series	365	2026	2026	1	12
series	366	2025	2025	1	13
series	367	2025	2025	1	12
series	368	2025	2025	1	51
series	369	2025	2025	1	13
series	370	2025	2026	2	24
series	371	2025	2025	1	
series	372	2025	2025	2	22
series	373	2025	2025	1	12
series	374	2025	2025	1	12
series	375	2024	2026	2	24
series	376	2025	2025	1	12
series	377	2025	2025	1	12
series	378	2026	2026	1	12
series	379	2026	2026	1	12
series	380	2025	2025	1	13
series	381	2025	2025	1	
series	382	2024	2025	2	24
series	383	2025	2025	1	12
series	384	2025	2025	1	13
series	385	2026	2026	1	11
series	386	2024	2025	4	50
series	387	2025	2025	1	
series	388	2025	2025	1	24
series	389	2025	2025	1	12
series	390	2023	2025	3	38
series	391	2025	2025	1	
series	392	2025	2025	1	12
series	393	2025	2025	1	12
series	394	2026	2026	1	12
series	395	2024	2025	2	22
series	396	2026	2026	1	14
series	397	2025	2025	1	12
series	398	2025	2025	1	12
series	399	2025	2025	1	24
series	400	2025	2025	1	13
series	401	2023	2026	2	24
series	402	2021	2025	2	24
series	403	2026	2026	1	13
series	404	2022	2025	2	24
series	405	2025	2025	1	12
series	406	2025	2025	1	
series	407	2025	2025	1	12
series	408	2023	2026	2	38
series	409	2025	2025	1	12
series	410	2022	2025	4	50
series	411	2025	2025	1	26
series	412	2025	2025	1	
series	413	2025	2025	1	
series	414	2025	2025	1	
series	415	2025	2025	1	
series	416	2025	2025	2	26
series	417	2025	2025	1	12
series	418	2025	2025	1	
series	419	2025	2025	1	
series	420	2026	2026	1	12
series	421	2025	2025	1	12
series	422	2025	2025	1	
series	423	2026	2026	1	13
series	424	2025	2025	1	12
series	425	2019	2025	4	62
series	426	2025	2025	1	12
series	427	2024	2025	2	24
series	428	2026	2026	1	12
series	429	2018	2026	5	96
series	430	2025	2025	1	12
series	431	2026	2026	1	12
series	432	2025	2025	1	
series	433	2025	2025	1	
series	434	2025	2025	1	
series	435	2025	2025	1	25
series	436	2025	2025	1	12
series	437	2023	2025	2	24
series	438	2026	2026	1	13
series	439	2025	2025	1	
series	440	2025	2025	1	
series	441	2025	2025	1	24
series	442	2025	2025	1	24
series	443	2026	2026	1	12
series	444	2025	2025	1	12
series	445	2023	2026	2	24
series	446	2025	2025	1	
series	447	2025	2025	1	12
series	448	2025	2025	1	12
series	449	2025	2025	1	12
series	450	2025	2025	1	12
series	451	2025	2025	1	24
series	452	2025	2025	2	23
series	453	2025	2025	1	12
series	454	2024	2025	2	24
series	455	2026	2026	1	12
series	456	2025	2025	1	26
series	457	2025	2025	1	
series	458	2025	2025	1	10
series	459	2025	2025	1	
series	460	2025	2025	1	
series	461	2025	2026	2	26
series	462	2025	2025	1	
series	463	2025	2025	1	
series	464	2025	2025	1	12
series	465	2025	2025	1	26
series	466	2025	2026	2	17
series	467	2023	2025	2	25
series	468	2025	2025	1	13
series	469	2024	2025	2	25
series	470	2024	2026	2	24
series	471	2025	2025	1	25
series	472	2026	2026	1	60
series	473	2025	2025	1	60
series	474	2025	2025	1	60
series	475	2026	2026	1	13
series	476	2013	2025	12	156
series	477	2025	2025	1	12
series	478	2025	2025	1	12
series	479	2025	2025	1	
series	480	2025	2025	1	
series	481	2022	2025	2	25
series	482	2026	2026	1	24
series	483	2026	2026	1	12
series	484	2025	2025	1	
series	485	2017	2026	4	50
series	486	2025	2025	1	13
series	487	2023	2025	3	37
series	488	2026	2026	1	12
series	489	2024	2026	2	39
series	490	2025	2025	1	13
series	491	2026	2026	1	12
series	492	2026	2026	1	24
series	493	2026	2026	1	13
series	494	2026	2026	1	12
series	495	2025	2025	1	12
series	496	2025	2025	1	
series	497	2025	2025	1	12
series	498	2023	2025	2	24
series	499	2025	2025	1	12
series	500	2026	2026	1	12
series	501	2025	2025	1	
series	502	2025	2025	1	12
!works	kind	id	series	number	date	year	quarter	format	episodes	titles	anilist	anidb	tmdb	tvdb	wikidata
season	0-saiji-start-dash-monogatari-s1	1	1		2024	SUMMER		12		177879	18736			
season	0-saiji-start-dash-monogatari-s2	1	2		2025	WINTER		12		185462	19119			
season	2200-nen-neko-no-kuni-nippon-s1	2	1		2025	FALL		12		199009	19518		468366	
season	29-sai-dokushin-chuuken-boukensha-no-nichijou-s1	3	1		2026	WINTER		12		192261	19324		463334	
season	3-nen-z-gumi-ginpachi-sensei-s1	4	1		2025	FALL		12		162890	17919		465543	
season	9-ruler-s-crown-s1	5	1		2025	SUMMER		13		177761	18660		450624	
season	a-rank-party-wo-ridatsu-shita-ore-wa-moto-oshiego-tachi-to-s1	6	1		2025	WINTER		24		180812	18852		454085	
season	aharen-san-wa-hakarenai-s1	7	1		2022	SPRING		12		137281	16505		407833	
season	aharen-san-wa-hakarenai-s2	7	2		2025	SPRING		12		179979	18798		407833	
movie	aikatsu-memorial-stage-kagayaki-no-unit-cup-film	8			2025				アイカツ！メモリアルステージ ～輝きのユニットカップ～|ja=アイカツ！メモリアルステージ ～輝きのユニットカップ～|ja-Latn=Aikatsu! Memorial Stage: Kagayaki no Unit Cup	194889				
movie	aikatsu-x-pripara-the-movie-deai-no-kiseki-film	9			2025				アイカツ! × プリパラ THE MOVIE -出会いのキセキ!-|ja=アイカツ! × プリパラ THE MOVIE -出会いのキセキ!-|ja-Latn=Aikatsu! x PriPara the Movie: Deai no Kiseki!	191403	19306			
season	aishiteru-game-wo-owarasetai-s1	10	1		2026	SPRING		12		194393	19382		464717	
season	akane-banashi-s1	11	1		2026	SPRING		12		196935	19513		466488	
season	akujiki-reijou-to-kyouketsu-koushaku-s1	12	1		2025	FALL		12		183291	18941		455754	
season	akuyaku-reijou-tensei-ojisan-s1	13	1		2025	WINTER		12		172453	18366		443906	
season	akuyaku-reijou-wa-ringoku-no-outaishi-ni-dekiai-sareru-s1	14	1		2026	WINTER		12		195518	19512		465498	
movie	aldnoah-zero-re-film	15			2025				アルドノア・ゼロ（Re+）|ja=アルドノア・ゼロ（Re+）|ja-Latn=Aldnoah.Zero (Re+)	185714				
season	alma-chan-wa-kazoku-ni-naritai-s1	16	1		2025	FALL		11		186190	19116		459058	
season	ame-to-kimi-to-s1	17	1		2025	SUMMER		12		180425	18824		453585	
season	ameku-takao-no-suiri-karte-s1	18	1		2025	WINTER		12		176642	18581		448477	
season	anila-to-cocora-s1	19	1		2025	FALL		13		199794	19666		468513	
season	anne-shirley-s1	20	1		2025	SPRING		24		184639	19002		456902	
movie	another-world-film	21			2025				世外|zh-Latn=Another World	184351				
season	ansatsusha-de-aru-ore-no-status-ga-yuusha-yori-mo-akiraka-s1	22	1		2025	FALL		12		186794	19162		460341	
season	ao-no-exorcist-s1	23	1		2011	SPRING		25		9919	8148		248035	
season	ao-no-exorcist-s2	23	2		2017	WINTER		12		21861	12240		248035	
season	ao-no-exorcist-s3	23	3		2024	WINTER		12		158931	17786		248035	
season	ao-no-exorcist-s4	23	4		2024	FALL		12		176311	18561		248035	
season	ao-no-exorcist-s5	23	5		2025	WINTER		12		185880	18735		248035	
season	ao-no-miburo-s1	24	1		2024	FALL		24		169258	18193		439531	
season	ao-no-miburo-s2	24	2		2026	WINTER		14	青のミブロ 芹沢暗殺編|ja=青のミブロ 芹沢暗殺編|ja-Latn=Serizawa Ansatsu-hen	189258	19258		439531	
season	ao-no-orchestra-s1	25	1		2023	SPRING		24		147369	17314		418904	
season	ao-no-orchestra-s2	25	2		2025	FALL		21		170018	18234		418904	
season	apocalypse-hotel-s1	26	1		2025	SPRING		12		180675	18838		453846	
season	araiguma-calcal-dan-s1	27	1		2025	SPRING		24		186522	19049		457737	
season	arknights-rise-from-ember-s1	28	1		2025	SUMMER		10		177175	18602		411800	
season	arne-no-jikenbo-s1	29	1		2026	WINTER		12		183984	18967		456392	
season	around-40-otoko-no-isekai-tsuuhan-s1	30	1		2025	WINTER		13		180292	18818		453353	
season	aru-majo-ga-shinu-made-s1	31	1		2025	SPRING		12		178701	18719		451682	
movie	as-one-film	32			2025				アズワン|ja=アズワン|ja-Latn=As One	187317	19195			
season	awajima-hyakkei-s1	33	1		2026	SPRING		12		177501	18618		449883	
movie	baan-otona-no-kyoukai-film	34			2025				Bâan: 大人の彊界|ja=Bâan: 大人の彊界|ja-Latn=Bâan: Otona no Kyoukai	195494	19441			
season	babanbabanban-vampire-s1	35	1		2025	WINTER		12		175422	18517		446838	
season	bad-girl-s1	36	1		2025	SUMMER		12		178675	18716		451679	
season	ballpark-de-tsukamaete-s1	37	1		2025	SPRING		12		184279	18985		456678	
season	bang-dream-ave-mujica-s1	38	1		2025	WINTER		13		169295	18194		439765	
movie	binan-koukou-chikyuu-bouei-bu-eternal-love-film	39			2025				美男高校地球防衛部ETERNAL LOVE！|ja=美男高校地球防衛部ETERNAL LOVE！|ja-Latn=Binan Koukou Chikyuu Bouei-bu Eternal Love!	179838	18776			
season	binan-koukou-chikyuu-bouei-bu-haikara-s1	40	1		2025	SUMMER		12		188138	19227			
season	black-clover-s1	41	1		2017	FALL		170		97940	12665		331753	
season	black-clover-s2	41	2		2026	WINTER		1		195604	19433			
season	boku-no-hero-academia-s1	42	1		2016	SPRING		13		21459	11739		305074	
season	boku-no-hero-academia-s2	42	2		2017	SPRING		25		21856	12233		305074	
season	boku-no-hero-academia-s3	42	3		2018	SPRING		25		100166	13485		305074	
season	boku-no-hero-academia-s4	42	4		2019	FALL		25		104276	14416		305074	
season	boku-no-hero-academia-s5	42	5		2021	SPRING		25		117193	15484		305074	
season	boku-no-hero-academia-s6	42	6		2022	FALL		25		139630	16793		305074	
season	boku-no-hero-academia-s7	42	7		2024	SPRING		21		163139	17931		305074	
season	boku-no-hero-academia-s8	42	8		2025	FALL		11		182896	18921		305074	
movie	boku-no-film	43			2025				ぼくの！|ja=ぼくの！|ja-Latn=Boku no!	205840				
movie	boku-to-roboko-movie-film	44			2025				僕とロボコ 劇場版|ja=僕とロボコ 劇場版|ja-Latn=Boku to Roboko Movie	166249	18068			
season	botsuraku-yotei-no-kizoku-dakedo-hima-datta-kara-mahou-wo-s1	45	1		2025	WINTER		12		176063	18536		447573	
movie	bousei-no-volicia-dai-ni-shou-gunjou-film	46			2025				忘星のヴァリシア 第二章：群青|ja=忘星のヴァリシア 第二章：群青|ja-Latn=Bousei no Volicia Dai Ni Shou: Gunjou	194706				
season	bukiyou-na-senpai-s1	47	1		2025	FALL		12		185575	19056		452709	
season	bungou-stray-dogs-wan-s1	48	1		2021	WINTER		12		120150	15602		392195	
season	bungou-stray-dogs-wan-s2	48	2		2026	WINTER		12		201667	19698			
season	busamen-gachi-fighter-s1	49	1		2025	SUMMER		12		184575	18996		456807	
season	busu-ni-hanataba-wo-s1	50	1		2025	SUMMER		13		156395	17700		426815	
season	bye-bye-earth-s1	51	1		2024	SUMMER		10		157371	17723		427299	
season	bye-bye-earth-s2	51	2		2025	SPRING		10		181078	18862		427299	
season	candy-caries-s1	52	1		2026	SPRING		1		205772				
season	cardfight-vanguard-divinez-deluxe-hen-s1	53	1		2025	WINTER		13		182920	19050		245821	
season	cardfight-vanguard-divinez-deluxe-kesshou-hen-s1	54	1		2025	SUMMER		12		191994	19352			
season	cardfight-vanguard-divinez-genma-seisen-hen-s1	55	1		2026	WINTER		10		203296	19780			
movie	chainsaw-man-movie-reze-hen-film	56			2025				チェンソーマン レゼ篇|ja=チェンソーマン レゼ篇|ja-Latn=Chainsaw Man Movie: Reze-hen	171627	18324		397934	
season	champignon-no-majo-s1	57	1		2026	WINTER		12		185514	19046		457766	
season	chanto-suenai-kyuuketsuki-chan-s1	58	1		2025	FALL		12		186524	19141		466129	
movie	chao-film	59			2025				チャオ|ja=チャオ|ja-Latn=ChaO	186169	19111			
season	chibi-godzilla-no-gyakushuu-s1	60	1		2023	SPRING		13		162312	17889			
season	chibi-godzilla-no-gyakushuu-s2	60	2		2024	SPRING		52		175869	18631			
season	chibi-godzilla-no-gyakushuu-s3	60	3		2025	SUMMER		39		193883	19427			
season	chichi-wa-eiyuu-haha-wa-seirei-musume-no-watashi-wa-s1	61	1		2025	FALL		12		173692	18437		444999	
season	chikuwa-senki-ore-no-kawaii-de-chikyuu-shinryaku-s1	62	1		2025	SPRING		12		188131				
season	chikyuu-no-latair-s1	63	1		2025	FALL		5		198408	19568		466889	
movie	chinpui-eri-sama-no-good-luck-film	64			2025				チンプイ エリさまのグッドラック|ja=チンプイ エリさまのグッドラック|ja-Latn=Chinpui: Eri-sama no Good Luck	205601				
season	chitose-kun-wa-ramune-bin-no-naka-s1	65	1		2025	FALL		13		180082	18811		453057	
season	choeganggonglyong-miniforce-s1	66	1		2025	WINTER		26		188830				
season	chotto-dake-ai-ga-omoi-dark-elf-ga-isekai-kara-oikaketekita-mini-s1	67	1		2025	SPRING		12		189832				
season	chotto-dake-ai-ga-omoi-dark-elf-ga-isekai-kara-oikaketekita-s1	68	1		2025	SPRING		12		180829	18856		454149	
season	chou-futsuu-mahou-shoujo-asumi-toruverse-s1	69	1		2025	FALL		13		198926	19665			
season	chuuzenji-sensei-mononoke-kougiroku-sensei-ga-nazo-wo-s1	70	1		2025	SPRING		12		182419	18894		455062	
season	city-the-animation-s1	71	1		2025	SUMMER		13		181841	18874		454726	
season	class-no-daikirai-na-joshi-to-kekkon-suru-koto-ni-natta-s1	72	1		2025	WINTER		12		178462	18708		451527	
season	classic-stars-s1	73	1		2025	SPRING		13		178825	18728		451767	
season	clevatess-majuu-no-ou-to-akago-to-shikabane-no-yuusha-s1	74	1		2025	SUMMER		12		178869	18730		451793	
season	compass-2-0-sentou-setsuri-kaiseki-system-s1	75	1		2025	SPRING		12		158287	17754		434715	
movie	crayon-shin-chan-movie-33-chou-karei-shakunetsu-no-kasukabe-film	76			2025				映画クレヨンしんちゃん 超華麗! 灼熱のカスカベダンサーズ|ja=映画クレヨンしんちゃん 超華麗! 灼熱のカスカベダンサーズ|ja-Latn=Crayon Shin-chan Movie 33: Chou Karei! Shakunetsu no Kasukabe Dancers	185537	19256			
season	dandadan-s1	77	1		2024	FALL		12		171018	18290		432832	
season	dandadan-s2	77	2		2025	SUMMER		12		185660	19060		432832	
season	danjo-no-yuujou-wa-seiritsu-suru-iya-shinai-s1	78	1		2025	SPRING		12		153554	17565		423264	
season	dark-machine-the-animation-s1	79	1		2026	WINTER		12		179876	18777		452665	
season	dark-moon-tsuki-no-saidan-s1	80	1		2026	WINTER		12		181443	18869		454526	
season	darwin-jihen-s1	81	1		2026	WINTER		13		177679	18646		450282	
season	dead-account-s1	82	1		2026	WINTER		12		187901	19209		461423	
season	debu-to-love-to-ayamachi-to-s1	83	1		2025	FALL		12		170936	18281		465978	
season	dekin-no-mogura-s1	84	1		2025	SUMMER		12		184574	18990		456740	
season	demon-slayer-s1	85	1		2019	SPRING		26		101922	14107		348545	
season	demon-slayer-s2	85	2		2021	FALL		7	鬼滅の刃 無限列車編|en=Mugen Train Arc|ja=鬼滅の刃 無限列車編|ja-Latn=Kimetsu no Yaiba: Mugen Ressha-hen	129874	16803		348545	
season	demon-slayer-s3	85	3		2022	WINTER		11	鬼滅の刃 遊郭編|en=Entertainment District Arc|ja=鬼滅の刃 遊郭編|ja-Latn=Kimetsu no Yaiba: Yuukaku-hen	142329	16054		348545	
season	demon-slayer-s4	85	4		2023	SPRING		11	鬼滅の刃 刀鍛冶の里編|en=Swordsmith Village Arc|ja=鬼滅の刃 刀鍛冶の里編|ja-Latn=Kimetsu no Yaiba: Katanakaji no Sato-hen	145139	17198		348545	
season	demon-slayer-s5	85	5		2024	SPRING		8	鬼滅の刃 柱稽古編|en=Hashira Training Arc|ja=鬼滅の刃 柱稽古編|ja-Latn=Kimetsu no Yaiba: Hashira Geiko-hen	166240	18067		348545	
movie	demon-slayer-mugen-train-film	85			2020				劇場版 鬼滅の刃 無限列車編|en=Mugen Train|ja=劇場版 鬼滅の刃 無限列車編|ja-Latn=Kimetsu no Yaiba Movie: Mugen Ressha-hen	112151	15113		348545	
movie	demon-slayer-infinity-castle-1	85			2025				劇場版 鬼滅の刃 無限城編|en=Infinity Castle|ja=劇場版 鬼滅の刃 無限城編|ja-Latn=Kimetsu no Yaiba Movie 1: Mugenjou-hen - Akaza Sairai	178788	18699			
season	diamond-no-ace-s1	86	1		2013	FALL		75		18689	9881		273005	
season	diamond-no-ace-s2	86	2		2015	SPRING		51		21085	11115		273005	
season	diamond-no-ace-s3	86	3		2019	SPRING		52	ダイヤのA act II|en=Act II|ja=ダイヤのA act II|ja-Latn=Diamond no Ace: Act II	105749	14504		273005	
season	diamond-no-ace-s4	86	4		2026	SPRING		12	ダイヤのA actII -Second Season-|en=Act II Second Season|ja=ダイヤのA actII -Second Season-|ja-Latn=Diamond no Ace: Act II Second Season	177634	18638		273005	
season	digimon-beatbreak-s1	87	1		2025	FALL		24		188388	19230		461683	
movie	dive-in-film	88			2025				ダイブイン!|ja=ダイブイン!|ja-Latn=Dive In!	185903	19171			
movie	doraemon-movie-44-nobita-no-e-sekai-monogatari-film	89			2025				映画ドラえもん のび太の絵世界物語|ja=映画ドラえもん のび太の絵世界物語|ja-Latn=Doraemon Movie 44: Nobita no E Sekai Monogatari	182333	18883			
season	dotoli-munhwasenteo-s1	90	1		2025	SUMMER		26		194033				
season	douse-koishite-shimaunda-s1	91	1		2025	WINTER		12		175409	18506		446692	
season	douse-koishite-shimaunda-s2	91	2		2026	WINTER		12		189137	19250		446692	
season	dr-stone-science-future-s1	92	1		2025	WINTER		12		172019	18336		355774	
season	dr-stone-science-future-s2p2	92	2		2025	SUMMER		12		189117	19248		355774	
season	dr-stone-science-future-s3p3	92	3		2026	SPRING		12		199221	19614		355774	
movie	dragon-heart-reikai-tanbouki-film	93			2025				ドラゴン・ハート―霊界探訪記―|ja=ドラゴン・ハート―霊界探訪記―|ja-Latn=Dragon Heart: Reikai Tanbouki	186935				
season	egao-no-taenai-shokuba-desu-s1	94	1		2025	FALL		13		173523	18422		444810	
season	eleceed-s1	95	1		2026	WINTER		1		195350	19425			
season	enen-no-shouboutai-s1	96	1		2019	SUMMER		24		105310	14488		355480	
season	enen-no-shouboutai-s2	96	2		2020	SUMMER		24		114236	15335		355480	
season	enen-no-shouboutai-s3p1	96	3		2025	SPRING		12		149118	17420		355480	
season	enen-no-shouboutai-s3p2	96	3		2026	WINTER		13		179062	18742		355480	
season	eris-no-seihai-s1	97	1		2026	WINTER		12		183270	18938		455709	
season	everyday-host-s1	98	1		2025	SPRING		24		185584	19268		457902	
season	farmagia-s1	99	1		2025	WINTER		12		178312	18696		451433	
season	fate-stay-night-s1	100	1		2006	WINTER		24		356	3348		79151	
season	fate-stay-night-s2	100	2		2014	FALL		12	フェイト/ステイナイト (2014)|en=Unlimited Blade Works|ja=フェイト/ステイナイト (2014)|ja-Latn=Fate/stay night: Unlimited Blade Works	19603	9977		278626	
movie	fate-stay-night-hf-1	100			2017				劇場版「Fate/stay night [Heaven's Feel] Ⅰ.presage flower」|en=Heaven's Feel I|ja=劇場版「Fate/stay night [Heaven's Feel] Ⅰ.presage flower」|ja-Latn=Fate/stay night Movie: Heaven's Feel - I. Presage Flower	20791				
season	fate-zero-s1	101	1		2011	FALL		13		10087	8160		275798	
season	fate-zero-s2	101	1		2012	SPRING		12		11741	8880		275798	
season	fate-strange-fake-s1	102	1		2026	WINTER		13		166617	18093		436779	
movie	fei-ren-zai-xian-shi-wan-jia-film	103			2025				非人哉：限时玩家|zh-Latn=Fei Ren Zai: Xian Shi Wan Jia	199354				
season	fermat-no-ryouri-s1	104	1		2025	SUMMER		12		186003	19077		458232	
movie	first-light-film	105			2025				ファースト・ライト|ja=ファースト・ライト|ja-Latn=First Light	200446				
season	food-court-de-mata-ashita-s1	106	1		2025	SUMMER		6		185519	19045		457765	
season	fuguushoku-kanteishi-ga-jitsu-wa-saikyou-datta-s1	107	1		2025	WINTER		12		178548	18712		451596	
season	fumetsu-no-anata-e-s1	108	1		2021	SPRING		20		114535	15351		375271	
season	fumetsu-no-anata-e-s2	108	2		2022	FALL		20		138565	16573		375271	
season	fumetsu-no-anata-e-s3	108	3		2025	FALL		22		162669	17904		375271	
movie	fushigi-no-kuni-de-alice-to-dive-in-wonderland-film	109			2025				不思議の国でアリスと -Dive in Wonderland|ja=不思議の国でアリスと -Dive in Wonderland|ja-Latn=Fushigi no Kuni de Alice to: Dive in Wonderland	186181	19110			
season	futari-solo-camp-s1	110	1		2025	SUMMER		24		185965	19084		458406	
movie	futsuu-no-seikatsu-film	111			2025				普通の生活|ja=普通の生活|ja-Latn=Futsuu no Seikatsu	206071				
season	future-kid-takara-s1	112	1		2025	FALL		11		159981	19239			
season	fx-senshi-kurumi-chan-s1	113	1		2026	WINTER		12		206401	19847		472962	
season	gachiakuta-s1	114	1		2025	SUMMER		24		178025	18686		450537	
season	gakkou-de-wa-oshiete-kurenai-taisetsu-na-koto-s1	115	1		2025	SUMMER		25		193238				
movie	galaxy-apartment-cosmo-hills-film	116			2025				ギャラクシーアパート★コスモヒルズ|ja=ギャラクシーアパート★コスモヒルズ|ja-Latn=Galaxy Apartment☆Cosmo Hills	185898	19168			
season	game-center-shoujo-to-ibunka-kouryuu-s1	117	1		2025	SUMMER		12		180794	18839		453883	
season	ganbare-nakamura-kun-s1	118	1		2026	SPRING		13		180228	18815		453319	
season	ganglion-s1	119	1		2025	FALL		24		198117	19548		467450	
season	gelpiyo-s1	120	1		2026	WINTER		10		204698	19788			
season	ghost-concert-missing-songs-s1	121	1		2026	SPRING		12		201090	19674		469599	
season	ginga-tokkyuu-milky-subway-s1	122	1		2025	SUMMER		12		189069	19435		465427	
movie	girls-and-panzer-motto-love-love-sakusen-desu-film	123			2025				ガールズ&パンツァー もっとらぶらぶ作戦です!|ja=ガールズ&パンツァー もっとらぶらぶ作戦です!|ja-Latn=Girls & Panzer: Motto Love Love Sakusen desu!	188034	19220			
movie	girls-band-cry-movie-film	124			2025				ガールズバンドクライ 劇場版総集編|ja=ガールズバンドクライ 劇場版総集編|ja-Latn=Girls Band Cry Movie	186714				
movie	girls-band-cry-naa-mirai-film	125			2025				ガールズバンドクライ なぁ、未来。|ja=ガールズバンドクライ なぁ、未来。|ja-Latn=GIRLS BAND CRY: Naa, Mirai.	199154				
movie	glass-and-kumo-film	126			2025				Glass and Kumo	205844				
season	gnosia-s1	127	1		2025	FALL		21		185116	19022		457372	
season	go-go-vehicle-zoo-s1	128	1		2023	SPRING		26		168001	17972			
season	go-go-vehicle-zoo-s2	128	2		2025	SPRING		13		188661	19460			
season	golden-kamuy-s1	129	1		2018	SPRING		12		99699	13337		338455	
season	golden-kamuy-s2	129	2		2018	FALL		12		102977	14185		338455	
season	golden-kamuy-s3	129	3		2020	FALL		12		110355	14995		338455	
season	golden-kamuy-s4	129	4		2022	FALL		13		142343	17023		338455	
season	golden-kamuy-s5	129	5		2026	WINTER		13		166521	18081		338455	
movie	golden-kamuy-sapporo-beer-koujou-hen	129			2025				ゴールデンカムイ 劇場先行版 札幌ビール工場編|ja=ゴールデンカムイ 劇場先行版 札幌ビール工場編|ja-Latn=Golden Kamuy: Sapporo Beer Koujou-hen	196115	19475			
movie	good-mourning-film	130			2025				グッド・喪ーニング|ja=グッド・喪ーニング|ja-Latn=GOOD-MOURNING	205833				
season	gorilla-no-kami-kara-kago-sareta-reijou-wa-ouritsu-kishidan-s1	131	1		2025	SPRING		12		182060	18879		454822	
season	goumon-baito-kun-no-nichijou-s1	132	1		2026	WINTER		12		197731	19399		464977	
season	grand-blue-s1	133	1		2018	SUMMER		12		100922	13734		343913	
season	grand-blue-s2	133	2		2025	SUMMER		12		182309	18892		343913	
season	grisaia-phantom-trigger-s1	134	1		2025	WINTER		13		145740	17220		447951	
season	guild-no-uketsukejou-desu-ga-zangyou-wa-iya-nanode-boss-wo-s1	135	1		2025	WINTER		12		167143	18118		437234	
season	guilty-gear-strive-dual-rulers-s1	136	1		2025	SPRING		8		178046	18689		451195	
season	haai-myakumyaku-desu-s1	137	1		2025	WINTER		8		189733	19678			
season	haibara-kun-no-tsuyokute-seishun-new-game-s1	138	1		2026	SPRING		12		195333	19744		471000	
season	haite-kudasai-takamine-san-s1	139	1		2025	SPRING		12		179965	18794		452826	
season	hana-doll-reinterpretation-of-flowering-s1	140	1		2025	SPRING		12		166371	18802		436336	
season	hana-wa-saku-shura-no-gotoku-s1	141	1		2025	WINTER		12		178022	18683		451128	
season	hanazakari-no-kimitachi-e-s1	142	1		2026	WINTER		12		177580	18636		450072	
movie	hateshinaki-scarlet-film	143			2025				果てしなきスカーレッ|ja=果てしなきスカーレッ|ja-Latn=Hateshinaki Scarlet	185773	19073			
season	hazure-skill-kinomi-master-skill-no-mi-tabetara-shinu-wo-s1	144	1		2025	WINTER		12		178100	18675		450933	
season	heika-watashi-wo-wasurete-kudasai-s1	145	1		2025	FALL		12		198312	19619		468580	
season	hell-mode-yarikomizuki-no-gamer-wa-hai-settei-no-isekai-s1	146	1		2026	WINTER		12		185262	19029		457532	
movie	heya-nikki-film	147			2025				部屋日記|ja=部屋日記|ja-Latn=Heya Nikki	205843				
season	hibi-wa-sugiredo-meshi-umashi-s1	148	1		2025	SPRING		12		185939	19083		458369	
season	hidarikiki-no-eren-s1	149	1		2026	SPRING		12		158036	17751		468660	
season	higeki-no-genkyou-to-naru-saikyou-gedou-last-boss-joou-wa-s1	150	1		2023	SUMMER		12		156040	17688		426528	
season	higeki-no-genkyou-to-naru-saikyou-gedou-last-boss-joou-wa-s2	150	2		2026	SPRING		12		195268	19420		426528	
season	high-school-kimengumi-2026-s1	151	1		2026	WINTER		12		200556	19657		469342	
season	hikaru-ga-shinda-natsu-s1	152	1		2025	SUMMER		12		177689	18649		450428	
season	hikuidori-ushuu-boro-tobi-gumi-s1	153	1		2026	WINTER		12		187062	19181		460693	
season	himekishi-wa-barbaroi-no-yome-s1	154	1		2026	SPRING		12		182483	18898		455164	
season	himesama-goumon-no-jikan-desu-s1	155	1		2024	WINTER		12		166522	18082		436603	
season	himesama-goumon-no-jikan-desu-s2	155	2		2026	WINTER		12		176370	18566		436603	
season	himitsu-no-aipri-s1	156	1		2024	SPRING		51		171080	18452		445261	
season	himitsu-no-aipri-s2	156	2		2025	SPRING		51		184470	19205		445261	
season	hokuto-no-ken-fist-of-the-north-star-s1	157	1		2026	SPRING		12		169228	18190		465216	
season	hokuto-no-ken-kenougun-zako-tachi-no-banka-s1	158	1		2026	WINTER		12		198720				
season	honey-lemon-soda-s1	159	1		2025	WINTER		12		175443	18516		446877	
season	honzuki-no-gekokujou-s1	160	1		2019	FALL		14		108268	14727		366263	
season	honzuki-no-gekokujou-s2	160	2		2020	SPRING		12		113693	15293		366263	
season	honzuki-no-gekokujou-s3	160	3		2022	SPRING		10		121176	15634		366263	
season	honzuki-no-gekokujou-s4	160	4		2026	SPRING		24	本好きの下剋上 司書になるためには手段を選んでいられません 第4期|ja=本好きの下剋上 司書になるためには手段を選んでいられません 第4期|ja-Latn=Ryoushu no Youjo	171110	18302		366263	
season	hoppe-chan-sun-oukoku-to-kuro-hoppe-dan-no-himitsu-s1	161	1		2026	WINTER		12		203148	19725		466523	
movie	hoshi-no-kodomo-to-hajimari-no-ki-film	162			2025				夢の島|ja=夢の島|ja-Latn=Hoshi no Kodomo to Hajimari no Ki	185900	19169			
season	hotel-inhumans-s1	163	1		2025	SUMMER		13		184034	18973		456463	
movie	housenka-film	164			2025				ホウセンカ|ja=ホウセンカ|ja-Latn=Housenka	177686	18650			
season	hyakki-yakou-shou-s1	165	1		2026	SPRING		1		207675				
movie	hyakuemu-film	166			2025				100미터|ko=100미터|ko-Latn=Hyakuemu.	177687	18648			
season	hyakushou-kizoku-s1	167	1		2023	SUMMER		12		155971	17684			
season	hyakushou-kizoku-s2	167	2		2024	FALL		12		171689	18328		426432	
season	hyakushou-kizoku-s3	167	3		2025	FALL		12		185694	19065			
movie	hypnosis-mic-division-rap-battle-movie-film	168			2025				ヒプノシスマイク -Division Rap Battle- 映画|ja=ヒプノシスマイク -Division Rap Battle- 映画|ja-Latn=Hypnosis Mic: Division Rap Battle Movie	187305	19076			
movie	i-film	169			2025				I	205842				
season	ibitte-konai-gibo-to-gishi-s1	170	1		2026	WINTER		12		196356	19492		466092	
season	ichijouma-mankitsugurashi-s1	171	1		2026	SPRING		12		195734	19455		465639	
movie	idolish7-first-beat-theatrical-compilation-part-ii-film	172			2025				アイドリッシュセブン First BEAT! 劇場総集編|ja=アイドリッシュセブン First BEAT! 劇場総集編|ja-Latn=IDOLiSH7: First BEAT! Theatrical Compilation - Part II	191893				
movie	idolish7-first-beat-theatrical-compilation-film	173			2025				アイドリッシュセブン First BEAT! 劇場総集編|ja=アイドリッシュセブン First BEAT! 劇場総集編|ja-Latn=IDOLiSH7: First BEAT! Theatrical Compilation	186346				
season	ikoku-nikki-s1	174	1		2026	WINTER		13		177385	18610		449723	
season	ingoku-danchi-s1	175	1		2026	SPRING		12		206166	19879		473930	
movie	inu-ringo-film	176			2025				いぬりんご|ja=いぬりんご|ja-Latn=Inu Ringo	205839				
season	isekai-mokushiroku-mynoghra-hametsu-no-bunmei-de-hajimeru-s1	177	1		2025	SUMMER		13		178433	18702		451504	
season	isekai-no-sata-wa-shachiku-shidai-s1	178	1		2026	WINTER		12		183661	19507		456099	
season	isekai-nonbiri-nouka-s1	179	1		2023	WINTER		12		146850	17290		418367	
season	isekai-nonbiri-nouka-s2	179	2		2026	SPRING		12		197824	19506		418367	
season	isekai-quartet-s1	180	1		2019	SPRING		12		104454	14435		357471	
season	isekai-quartet-s2	180	2		2020	WINTER		12		110178	14964		357471	
season	isekai-quartet-s3	180	3		2025	FALL		11		194447	19385		357471	
season	ishura-s1	181	1		2024	WINTER		12		161476	17866		431014	
season	ishura-s2	181	2		2025	WINTER		12		176234	18542		431014	
season	isshun-de-chiryou-shiteita-noni-yakutatazu-to-tsuihou-s1	182	1		2025	SPRING		12		175872	18528		447246	
movie	ito-amu-itonamu-film	183			2025				いとあむ、いとなむ。|ja=いとあむ、いとなむ。|ja-Latn=Ito Amu, Itonamu	205835				
season	izure-saikyou-no-renkinjutsushi-s1	184	1		2025	WINTER		12		177506	18620		449884	
season	jibaku-shounen-hanako-kun-s1	185	1		2020	WINTER		12		108463	14757		368364	
season	jibaku-shounen-hanako-kun-s2	185	2		2025	WINTER		12		170892	17791		368364	
season	jibaku-shounen-hanako-kun-s3p2	185	3		2025	SUMMER		12		189326	19262		368364	
season	jidou-hanbaiki-ni-umarekawatta-ore-wa-meikyuu-wo-samayou-s1	186	1		2023	SUMMER		12		153360	17557		423121	
season	jidou-hanbaiki-ni-umarekawatta-ore-wa-meikyuu-wo-samayou-s2	186	2		2025	SUMMER		12		169440	18204		423121	
season	jidou-hanbaiki-ni-umarekawatta-ore-wa-meikyuu-wo-samayou-s3	186	3		2026	SPRING		12		198939	19580		423121	
season	jigoku-sensei-nube-2025-s1p1	187	1		2025	SUMMER		13		179678	18767		452421	
season	jigoku-sensei-nube-2025-s1p2	187	1		2026	WINTER		13		191967	19321		452421	
season	jigokuraku-s1	188	1		2023	SPRING		13		128893	16012		402474	
season	jigokuraku-s2	188	2		2026	WINTER		12		166613	18090		402474	
season	jigu-ui-juin-eun-goyangi-da-s1	189	1		2025	SPRING		13		191374				
season	jingai-kyoushitsu-no-ningengirai-kyoushi-s1	190	1		2026	WINTER		13		198374	19564		467839	
season	jirai-nan-desu-ka-chihara-san-s1	191	1		2026	WINTER		12		204579	19791		471946	
season	jishou-akuyaku-reijou-na-konyakusha-no-kansatsu-kiroku-s1	192	1		2026	SPRING		12		192808	19328		463583	
season	jochum-s1	193	1		2024	SUMMER		24		179408				
season	jochum-s2	193	2		2025	FALL		24		198413				
season	jujutsu-kaisen-s1	194	1		2020	FALL		24		113415	15275		377543	
season	jujutsu-kaisen-s2	194	2		2023	SUMMER		23		145064	17196		377543	
season	jujutsu-kaisen-s3p1	194	3		2026	WINTER		12	呪術廻戦 「死滅回游 前編」|ja=呪術廻戦 「死滅回游 前編」|ja-Latn=Shimetsu Kaiyuu	172463	18363		377543	
movie	jujutsu-kaisen-kaigyoku-gyokusetsu-film	194			2025				劇場版総集編 呪術廻戦 懐玉・玉折|ja=劇場版総集編 呪術廻戦 懐玉・玉折|ja-Latn=Jujutsu Kaisen: Kaigyoku/Gyokusetsu	192809	18835			
movie	jujutsu-kaisen-shibuya-jihen-film	194			2025				劇場版 呪術廻戦 「渋谷事変 特別編集版」×「死滅回游 先行上映」|ja=劇場版 呪術廻戦 「渋谷事変 特別編集版」×「死滅回游 先行上映」|ja-Latn=Jujutsu Kaisen Movie: Shibuya Jihen Tokubetsu Henshuu-ban x Shimetsu Kaiyuu Senkou Jouei	204066				
movie	junk-world-film	195			2025				Junk World	191370	19800			
season	kagaku-x-bouken-survival-s1	196	1		2024	FALL		21		174913	18685			
season	kagaku-x-bouken-survival-s2	196	2		2025	FALL		19		186736				
season	kaijuu-8-gou-s1	197	1		2024	SPRING		12		153288	17550		423075	
season	kaijuu-8-gou-s2	197	2		2025	SUMMER		11		178754	18722		423075	
movie	kaijuu-8-gou-film	197			2025				『怪獣８号』第１期総集編|ja=『怪獣８号』第１期総集編|ja-Latn=Kaijuu 8-gou Movie	179998	19471			
season	kaijuu-sekai-seifuku-s1	198	1		2025	SPRING		50		184289	19270			
movie	kaitou-queen-no-yuuga-na-vacances-film	199			2025				怪盗クイーンの優雅な休暇|ja=怪盗クイーンの優雅な休暇|ja-Latn=Kaitou Queen no Yuuga na Vacances	162682	17905			
season	kakkou-no-iinazuke-s1	200	1		2022	SPRING		24		132052	16188		400585	
season	kakkou-no-iinazuke-s2	200	2		2025	SUMMER		12		179828	18773		400585	
season	kakuriyo-no-yadomeshi-ni-s1	201	1		2025	FALL		12		177271	18607		339922	
season	kakushite-makina-san-s1	202	1		2025	SPRING		12		177509	18621		449914	
season	kami-no-niwatsuki-kusunoki-tei-s1	203	1		2026	SPRING		12		196029	19472		465799	
season	kami-no-shizuku-s1	204	1		2026	SPRING		24		202508	19728		470659	
season	kamiina-botan-yoeru-sugata-wa-yuri-no-hana-s1	205	1		2026	SPRING		12		187869	19206		461374	
season	kamitsubaki-shi-kensetsuchuu-s1	206	1		2025	SUMMER		12		173335	18407		444728	
season	kanagawa-ni-sunderu-elf-s1	207	1		2026	WINTER		12		199005	19565		471236	
season	kanan-sama-wa-akumade-choroi-s1	208	1		2026	SPRING		12		190704	19293		462598	
season	kanchigai-no-atelier-meister-eiyuu-party-no-moto-s1	209	1		2025	SPRING		12		183133	18931		455638	
season	kankin-kuiki-level-x-s1	210	1		2024	FALL		6		180923	18857			
season	kankin-kuiki-level-x-s2	210	2		2025	WINTER		6		182877	19179			
season	kanojo-okarishimasu-s1	211	1		2020	SUMMER		12		113813	15299		380654	
season	kanojo-okarishimasu-s2	211	2		2022	SUMMER		12		124410	15743		380654	
season	kanojo-okarishimasu-s3	211	3		2023	SUMMER		12		154745	17629		380654	
season	kanojo-okarishimasu-s4	211	4		2025	SUMMER		12		179344	18753		380654	
season	kanojo-okarishimasu-s5	211	5		2026	SPRING		12		199029	19587		380654	
season	kanpekisugite-kawaige-ga-nai-to-konyaku-haki-sareta-seijo-s1	212	1		2025	SPRING		12		183275	18940		455711	
season	kao-ni-denai-kashiwada-san-to-kao-ni-deru-oota-kun-s1	213	1		2025	FALL		12		187940	19218		461467	
season	kaoru-hana-wa-rin-to-saku-s1	214	1		2025	SUMMER		13		181444	18867		454524	
season	karaoke-iko-s1	215	1		2025	SUMMER		5		183127	18929		455604	
season	katainaka-no-ossan-kensei-ni-naru-s1	216	1		2025	SPRING		12		179955	18793		452710	
season	kaya-chan-wa-kowakunai-s1	217	1		2026	WINTER		12		183660	18956		456159	
season	kekkon-yubiwa-monogatari-s1	218	1		2024	WINTER		12		160389	17826		429825	
season	kekkon-yubiwa-monogatari-s2	218	2		2025	FALL		13		176298	18559		429825	
season	kidou-senshi-gundam-gquuuuuux-s1	219	1		2025	SPRING		12		185213	19027		457473	
season	kijin-gentoushou-s1	220	1		2025	SPRING		24		143598	16614		442540	
season	kikaijikake-no-marie-s1	221	1		2025	FALL		12		179992	18803		452926	
season	kikansha-no-mahou-wa-tokubetsu-desu-s1	222	1		2023	FALL		12		163142	17944		432815	
season	kikansha-no-mahou-wa-tokubetsu-desu-s2	222	2		2026	WINTER		12		172192	18345			
season	kill-ao-s1	223	1		2026	SPRING		12		198113	19546		467414	
season	kimi-no-koto-ga-daidaidaidaidaisuki-na-100-nin-no-kanojo-s1	224	1		2023	FALL		12		162694	17906		432050	
season	kimi-no-koto-ga-daidaidaidaidaisuki-na-100-nin-no-kanojo-s2	224	2		2025	WINTER		12		172258	18343		432050	
season	kimi-to-idol-precure-s1	225	1		2025	WINTER		49		185073	19019		457325	
movie	kimi-to-idol-precure-film	225			2025				キミとアイドルプリキュア♪お待たせ！キミに届けるキラッキライブ！|ja=キミとアイドルプリキュア♪お待たせ！キミに届けるキラッキライブ！|ja-Latn=Kimi to Idol Precure♪ Movie: Omatase! Kimi ni Todokeru Kirakki Live!	183414	19113			
season	kimi-to-koete-koi-ni-naru-s1	226	1		2025	FALL		12		186161	19107		458960	
movie	king-of-prism-your-endless-call-mi-nna-kirameki-prism-tours-film	227			2025				KING OF PRISM-Your Endless Call-み～んなきらめけ！プリズム☆ツアーズ|ja=KING OF PRISM-Your Endless Call-み～んなきらめけ！プリズム☆ツアーズ|ja-Latn=King of Prism: Your Endless Call - Mi~nna Kirameki! Prism☆Tours	184756				
season	kingdom-s1	228	1		2012	SUMMER		38		12031	8791		259635	
season	kingdom-s2	228	2		2013	SUMMER		39		17389	9672		259635	
season	kingdom-s3	228	3		2020	SPRING		26		113108	15259		259635	
season	kingdom-s4	228	4		2022	SPRING		26		140350	16912		259635	
season	kingdom-s5	228	5		2024	WINTER		13		155227	17655		259635	
season	kingdom-s6	228	6		2025	FALL		13		190840	19295		259635	
movie	kinjo-no-numa-film	229			2025				近所の沼|ja=近所の沼|ja-Latn=Kinjo no Numa	205832				
season	kinnikuman-kanpeki-choujin-shiso-hen-s1	230	1		2024	SUMMER		11		162796	17913		432505	
season	kinnikuman-kanpeki-choujin-shiso-hen-s2	230	2		2025	WINTER		11		181886	18875		432505	
season	kirei-ni-shitemoraemasu-ka-s1	231	1		2026	WINTER		12		194028	19373		464460	
season	kirio-fanclub-s1	232	1		2026	SPRING		12		181284	19675		456679	
season	kisaki-kyouiku-kara-nigetai-watashi-s1	233	1		2025	WINTER		12		170650	18264		441682	
season	kizetsu-yuusha-to-ansatsu-hime-s1	234	1		2025	SUMMER		12		186561	19143		459970	
season	kizoku-tensei-megumareta-umare-kara-saikyou-no-chikara-wo-s1	235	1		2026	WINTER		12		185993	19087		458508	
season	kizu-darake-seijo-yori-houfuku-wo-komete-s1	236	1		2025	SUMMER		12		195209	19442		454916	
movie	kobayashi-san-chi-no-maid-dragon-samishigariya-no-ryuu-film	237			2025				小林さんちのメイドラゴン さみしがりやの竜|ja=小林さんちのメイドラゴン さみしがりやの竜|ja-Latn=Kobayashi-san Chi no Maid Dragon: Samishigariya no Ryuu	181839	18873			
season	koikeya-sdgs-gekijou-suss-to-tina-s1	238	1		2021	FALL		13		204616				
season	koikeya-sdgs-gekijou-suss-to-tina-s2	238	2		2022	SPRING		13		204617				
season	koikeya-sdgs-gekijou-suss-to-tina-s3	238	3		2022	FALL		13		204618				
season	koikeya-sdgs-gekijou-suss-to-tina-s4	238	4		2023	SUMMER		13		204619				
season	koikeya-sdgs-gekijou-suss-to-tina-s5	238	5		2024	SUMMER		13		204620				
season	koikeya-sdgs-gekijou-suss-to-tina-s6	238	6		2025	FALL		13		204621				
season	komekami-girls-s1	239	1		2026	SPRING		12		209940	19932		476071	
movie	kono-hon-wo-nusumu-mono-wa-film	240			2025				この本を盗む者は|ja=この本を盗む者は|ja-Latn=Kono Hon wo Nusumu Mono wa	193923	19368			
season	kono-kaisha-ni-suki-na-hito-ga-imasu-s1	241	1		2025	WINTER		12		179696	18770		452466	
season	koori-no-jouheki-s1	242	1		2026	SPRING		12		186497	19139		459627	
season	koujo-denka-no-kateikyoushi-s1	243	1		2025	SUMMER		12		170113	18242		440861	
season	koupen-chan-s1	244	1		2025	SPRING		52		185646	19058		457929	
season	kowloon-generic-romance-s1	245	1		2025	SPRING		13		182814	18917		455388	
season	kujima-utaeba-ie-hororo-s1	246	1		2026	SPRING		12		177508	18622		449913	
season	kumarba-s1	247	1		2024	SPRING		12		173249				
season	kumarba-s2	247	2		2024	FALL		12		178395				
season	kumarba-s3	247	3		2026	SPRING		12		206950				
season	kuroiwa-medaka-ni-watashi-no-kawaii-ga-tsuujinai-s1	248	1		2025	WINTER		12		177552	18627		449988	
season	kuroneko-to-majo-no-kyoushitsu-s1	249	1		2026	SPRING		12		196974	19516		466524	
season	kuroshitsuji-s1	250	1		2008	FALL		24		4898	6048		83996	
season	kuroshitsuji-s2	250	2		2010	SUMMER		12		6707	7369		83996	
season	kuroshitsuji-s3	250	3		2014	SUMMER		10		20606	10402		83996	
season	kuroshitsuji-s4	250	4		2024	SPRING		11		166715	18100		83996	
season	kuroshitsuji-s5	250	5		2025	SPRING		13		179054	18739		83996	
season	kusuriya-no-hitorigoto-s1	251	1		2023	FALL		24		161645	17870		431162	
season	kusuriya-no-hitorigoto-s2	251	2		2025	WINTER		24		176301	18562		431162	
movie	langlang-shan-xiao-yaoguai-film	252			2025				浪浪山小妖怪|zh-Latn=Langlang Shan Xiao Yaoguai	199356				
season	lazarus-s1	253	1		2025	SPRING		13		167336	18130		437408	
season	let-s-play-quest-darake-no-my-life-s1	254	1		2025	FALL		12		193968	19369		440965	
movie	liaozhai-lanre-si-film	255			2025				聊斋：兰若寺|zh-Latn=Liaozhai: Lanre Si	206066				
season	liar-game-s1	256	1		2026	SPRING		24		197754	19538		467209	
movie	loca-film	257			2025				ロカ！|ja=ロカ！|ja-Latn=Loca!	208055				
movie	love-live-nijigasaki-gakuen-school-idol-doukoukai-kanketsu-film	258			2025				ラブライブ! 虹ヶ咲学園スクールアイドル同好会|ja=ラブライブ! 虹ヶ咲学園スクールアイドル同好会|ja-Latn=Love Live! Nijigasaki Gakuen School Idol Doukoukai: Kanketsu-hen Part 2	183384				
movie	luffy-law-film	259			2025				ONE PIECE オリジナルエピソード／ルフィ、ロー|ja=ONE PIECE オリジナルエピソード／ルフィ、ロー|ja-Latn=Luffy, Law	187380				
movie	luo-xiaohei-zhanji-2-film	260			2025				罗小黑战记2|zh-Latn=Luo Xiaohei Zhanji 2	166475	19721			
movie	lupin-the-iiird-the-movie-fujimi-no-ketsuzoku-film	261			2025				LUPIN THE IIIRD THE MOVIE 不死身の血族|ja=LUPIN THE IIIRD THE MOVIE 不死身の血族|ja-Latn=Lupin the IIIrd the Movie: Fujimi no Ketsuzoku	185084	19020			
season	maebashi-witches-s1	262	1		2025	SPRING		12		180825	18855		454132	
season	magic-maker-isekai-mahou-no-tsukurikata-s1	263	1		2025	WINTER		12		179297	18750		452091	
season	mahou-no-shimai-lulutto-lilly-s1	264	1		2026	SPRING		12		178749	19214		461457	
season	mahoutsukai-no-yakusoku-s1	265	1		2025	WINTER		12		170916	18599		449966	
season	mahoutsukai-precure-mirai-days-s1	266	1		2025	WINTER		12		162722	17908		304476	
season	maid-san-wa-taberu-dake-s1	267	1		2026	SPRING		1		197868	19541		467292	
season	mairimashita-iruma-kun-s1	268	1		2019	FALL		23		107693	14660		369144	
season	mairimashita-iruma-kun-s2	268	2		2021	SPRING		21		116338	15428		369144	
season	mairimashita-iruma-kun-s3	268	3		2022	FALL		21		139092	16627		369144	
season	mairimashita-iruma-kun-s4	268	4		2026	SPRING		24		184492	18995		369144	
season	majutsushi-kunon-wa-mieteiru-s1	269	1		2026	WINTER		13		186333	19131		459339	
movie	make-a-girl-film	270			2025				メイク ア ガール|ja=メイク ア ガール|ja-Latn=Make a Girl	154064	18460			
movie	mao-he-lao-shu-xing-pan-qi-yuan-film	271			2025				猫和老鼠：星盘奇缘|zh-Latn=Mao he Lao Shu: Xing Pan qi Yuan	206919				
season	mao-s1	272	1		2026	SPRING		26		196012	19469		465787	
season	maou-no-musume-wa-yasashisugiru-s1	273	1		2026	WINTER		12		194742	19398		464963	
season	marika-chan-no-koukando-wa-bukkowareteiru-s1	274	1		2026	SPRING		1		202523	19730		471300	
season	marriagetoxin-s1	275	1		2026	SPRING		12		199547	19625		468734	
season	mashin-souzouden-wataru-s1	276	1		2025	WINTER		24		173333	18406		444740	
season	masuda-kousuke-gekijou-gag-manga-biyori-go-s1	277	1		2025	SPRING		12		185259	19273			
season	mata-korosarete-shimatta-no-desu-ne-tantei-sama-s1	278	1		2026	SPRING		12		202381	19722		470519	
season	mato-seihei-no-slave-s1	279	1		2024	WINTER		12		141821	16982		412656	
season	mato-seihei-no-slave-s2	279	2		2026	WINTER		12		176276	18548		412656	
season	mattaku-saikin-no-tantei-to-kitara-s1	280	1		2025	SUMMER		12		180460	18827		453647	
season	mayonaka-heart-tune-s1	281	1		2026	WINTER		12		187942	19210		461472	
season	medalist-s1	282	1		2025	WINTER		13		165171	18030		433953	
season	medalist-s2	282	2		2026	WINTER		9		189275	19260		433953	
season	megami-isekai-tensei-nani-ni-naritai-desu-ka-ore-yuusha-s1	283	1		2026	SPRING		1		206951	19862		473229	
movie	meitantei-conan-movie-28-sekigan-no-flashback-film	284			2025				名探偵コナン 隻眼の残像(フラッシュバック)|ja=名探偵コナン 隻眼の残像(フラッシュバック)|ja-Latn=Meitantei Conan Movie 28: Sekigan no Flashback	185212	19025			
season	meitantei-precure-s1	285	1		2026	WINTER		51		202957	19742		470961	
season	metal-cardbot-w-s1	286	1		2026	WINTER		26		204626				
season	mf-ghost-s1	287	1		2023	FALL		12		143327	17094		414207	
season	mf-ghost-s2	287	2		2024	FALL		12		171642	18327		414207	
season	mf-ghost-s3	287	3		2026	WINTER		13		185753	19071		414207	
season	mikadono-sanshimai-wa-angai-choroi-s1	288	1		2025	SUMMER		12		178886	18731		451821	
season	mikata-ga-yowasugite-hojo-mahou-ni-tesshiteita-kyuutei-s1	289	1		2025	FALL		12		188487	19231		461708	
season	minimini-minini-s1	290	1		2025	WINTER		52		186752				
season	miru-watashi-no-mirai-s1	291	1		2025	SPRING		5		166373	18073		436374	
season	mizu-zokusei-no-mahoutsukai-s1	292	1		2025	SUMMER		12		186052	19097		456435	
season	momentary-lily-s1	293	1		2025	WINTER		13		177159	18600		449407	
season	mono-s1	294	1		2025	SPRING		12		176246	18546		447925	
movie	mononoke-movie-2-hinezumi-film	295			2025				モノノ怪 火鼠|ja=モノノ怪 火鼠|ja-Latn=Mononoke Movie 2: Hinezumi	179852				
season	monster-strike-deadverse-reloaded-s1	296	1		2025	FALL		10		196230	19466		465794	
season	muchuu-sa-kimi-ni-s1	297	1		2025	SUMMER		5		183128	18930		455605	
movie	mumei-no-jinsei-film	298			2025				無名の人生|ja=無名の人生|ja-Latn=Mumei no Jinsei	194879	19183			
season	mushoku-no-eiyuu-betsu-ni-skill-nanka-iranakatta-n-da-ga-s1	299	1		2025	FALL		12		169969	18232		440502	
season	muzik-tiger-in-the-forest-s1	300	1		2025	SPRING		13		177633	18639			
season	muzik-tiger-in-the-forest-s2	300	2		2025	FALL		17		195383				
season	nageki-no-bourei-wa-intai-shitai-s1	301	1		2024	FALL		13		175019	18498		446389	
season	nageki-no-bourei-wa-intai-shitai-s2p2	301	2		2025	FALL		11		185801	19075		446389	
season	naruto-shinsaku-anime-s1	302	1		2026	WINTER		4		162561	17897			
season	nazotoki-wa-dinner-no-ato-de-s1	303	1		2025	SPRING		12		184989	19011		457099	
season	necronomico-no-cosmic-horror-show-s1	304	1		2025	SUMMER		12		185505	19042		457734	
season	needy-girl-overdose-s1	305	1		2026	SPRING		13		202102	19713		470270	
season	neet-kunoichi-to-nazeka-dousei-hajimemashita-s1	306	1		2025	WINTER		24		174654	18491		445965	
season	neko-konogoro-s1	307	1		2016	SUMMER		50		199485	13858			
season	neko-konogoro-s2	307	2		2025	SUMMER		12		199486				
movie	neo-atom-tanjou-film	308			2025				ネオアトム誕生|ja=ネオアトム誕生|ja-Latn=Neo Atom Tanjou	188526				
season	new-panty-and-stocking-with-garterbelt-s1	309	1		2025	SUMMER		13		151799	17493		188551	
movie	nezha-zhi-mo-tong-nao-hai-film	310			2025				哪吒之魔童闹海|zh-Latn=Nezha Zhi Mo Tong Nao Hai	186861	19537			
season	nezumi-kun-no-chokki-tv-s1	311	1		2026	SPRING		1		198411				
season	nigashita-sakana-wa-ookikatta-ga-tsuriageta-sakana-ga-s1	312	1		2026	SPRING		12		201817	19699		469985	
season	nihon-e-youkoso-elf-san-s1	313	1		2025	WINTER		12		172439	18361		443904	
movie	nini-to-nene-no-dai-dasshutsu-film	314			2025				ニニとネネのだいだっしゅつ|ja=ニニとネネのだいだっしゅつ|ja-Latn=Nini to Nene no Dai Dasshutsu	205841				
movie	ninja-batman-tai-yakuza-league-film	315			2025				ニンジャバットマン対ヤクザリーグ|ja=ニンジャバットマン対ヤクザリーグ|ja-Latn=Ninja Batman tai Yakuza League	177778	18664			
season	ninja-to-gokudou-s1	316	1		2025	FALL		12		186914	19177		460607	
season	ninja-to-koroshiya-no-futarigurashi-s1	317	1		2025	SPRING		12		177120	18596		449306	
season	nippon-sangoku-s1	318	1		2026	SPRING		12		206914	19861		473228	
season	niwatori-fighter-s1	319	1		2026	SPRING		3		179813	18772		452575	
season	nmeneko-s1	320	1		2025	SPRING		48		186313	19197		459332	
season	nohara-hiroshi-hiru-meshi-no-ryuugi-s1	321	1		2025	FALL		12		187860	19207		461372	
season	nyaight-of-the-living-cat-s1	322	1		2025	SUMMER		12		175124	18501		446480	
movie	octopolis-film	323			2025				オクトポリス|ja=オクトポリス|ja-Latn=OCTOPOLIS	205834				
season	odayaka-kizoku-no-kyuuka-no-susume-s1	324	1		2026	WINTER		12		182771	18914		455309	
season	odekake-kozame-s2	325	2		2026	SPRING		1		204269				
movie	odekake-kozame-tokai-no-otomodachi	325			2025				映画 おでかけ子ザメ とかいのおともだち|ja=映画 おでかけ子ザメ とかいのおともだち|ja-Latn=Odekake Kozame Movie: Tokai no Otomodachi	177518	19062			
season	oide-yo-mahou-shoujo-mura-fuhou-senkyo-s1	326	1		2025	SPRING		13		187998	19282		461487	
season	ojisan-wa-kawaii-mono-ga-osuki-s1	327	1		2026	WINTER		12		202079	19705		470200	
season	okinawa-de-suki-ni-natta-ko-ga-hougen-sugite-tsurasugiru-s1	328	1		2025	WINTER		12		166699	18095		436827	
season	okiraku-ryoushu-no-tanoshii-ryouchi-bouei-seisankei-s1	329	1		2026	WINTER		12		191205	19298		462789	
season	omae-gotoki-ga-maou-ni-kateru-to-omouna-to-yuusha-party-s1	330	1		2026	WINTER		12		191718	19310		463013	
season	omae-wa-mada-gunma-wo-shiranai-reiwa-ban-s1	331	1		2026	WINTER		12		202419	19821		474202	
season	one-punch-man-s1	332	1		2015	FALL		12		21087	11123		293088	
season	one-punch-man-s2	332	2		2019	SPRING		12		97668	12430		293088	
season	one-punch-man-s3	332	3		2025	FALL		12		153800	17576		293088	
season	onegai-aipri-s1	333	1		2026	SPRING		12		206523	19850		474655	
season	onmyou-kaiten-re-birth-s1	334	1		2025	SUMMER		12		187387	19200		461053	
season	ore-dake-level-up-na-ken-s1	335	1		2024	WINTER		12		151807	17495		389597	
season	ore-dake-level-up-na-ken-s2	335	2		2025	WINTER		13		176496	18576		389597	
season	ore-wa-seikan-kokka-no-akutoku-ryoushu-s1	336	1		2025	SPRING		12		183274	18939		455710	
season	osananajimi-to-wa-love-comedy-ni-naranai-s1	337	1		2026	WINTER		12		189565	19266		462226	
season	oshi-no-ko-s1	338	1		2023	SPRING		11		150672	17449		421069	
season	oshi-no-ko-s2	338	2		2024	SUMMER		13		166531	18086		421069	
season	oshi-no-ko-s3	338	3		2026	WINTER		11		182587	18901		421069	
season	oshiri-dandy-the-young-s1	339	1		2026	SPRING		12		201910				
season	oshiri-tantei-s1	340	1		2018	SPRING		10		100790				
season	oshiri-tantei-s2	340	2		2019	WINTER		16		132694				
season	oshiri-tantei-s3	340	3		2019	SUMMER		13		132695	15084		358138	
season	oshiri-tantei-s4	340	4		2020	SPRING		13		132696	15429		358138	
season	oshiri-tantei-s5	340	5		2021	SPRING		13		132697	16133		358138	
season	oshiri-tantei-s6	340	6		2022	SPRING		13		179870	16946			
season	oshiri-tantei-s7	340	7		2023	SPRING		15		179871	17701			
season	oshiri-tantei-s8	340	8		2023	FALL		7		179872				
season	oshiri-tantei-s9	340	9		2024	SPRING		15		185644				
season	oshiri-tantei-s10	340	10		2025	SPRING		15		185645				
season	oshiri-tantei-s11p2	340	11		2025	FALL		7		194832				
movie	oshiri-tantei-film	340			2025				おしりたんてい スター・アンド・ムーン|ja=おしりたんてい スター・アンド・ムーン|ja-Latn=Oshiri Tantei Movie 6: Star and Moon	185643	19059			
season	osomatsu-san-s1	341	1		2015	FALL		25		21261	11347		300989	
season	osomatsu-san-s2	341	2		2017	FALL		25		98565	12944		300989	
season	osomatsu-san-s3	341	3		2020	FALL		25		120851	15627		300989	
season	osomatsu-san-s4	341	4		2025	SUMMER		12		177880	18673		300989	
season	otaku-ni-yasashii-gal-wa-inai-s1	342	1		2026	SPRING		12		199588	19628		468761	
season	otome-game-sekai-wa-mob-ni-kibishii-sekai-desu-s1	343	1		2022	SPRING		12		142074	17005		412826	
season	otome-game-sekai-wa-mob-ni-kibishii-sekai-desu-s2	343	2		2026	WINTER		12		159309	17796			
season	otonari-no-tenshi-sama-ni-itsunomanika-dame-ningen-ni-s1	344	1		2023	WINTER		12		143338	17108		414221	
season	otonari-no-tenshi-sama-ni-itsunomanika-dame-ningen-ni-s2	344	2		2026	SPRING		12		170019	18235		414221	
movie	peleliu-rakuen-no-guernica-film	345			2025				ペリリュー -楽園のゲルニカ-|ja=ペリリュー -楽園のゲルニカ-|ja-Latn=Peleliu: Rakuen no Guernica	132776	16193			
season	ponkotsu-fuuki-iin-to-skirt-take-ga-futekisetsu-na-jk-no-s1	346	1		2026	SPRING		1		189987	19277		462400	
season	potion-wagami-wo-tasukeru-s1	347	1		2025	FALL		12		198561	19633		466376	
season	princess-catch-tiniping-s1	348	1		2025	FALL		26		199603				
movie	princess-principal-crown-handler-4-film	349			2025				プリンセス・プリンシパル Crown Handler 第4章|ja=プリンセス・プリンシパル Crown Handler 第4章|ja-Latn=Princess Principal: Crown Handler 4	186716				
season	princession-orchestra-s1	350	1		2025	SPRING		48		178052	18690		451206	
movie	project-sekai-movie-kowareta-sekai-to-utaenai-miku-film	351			2025				プロジェクトセカイ 壊れたセカイと歌えないミク|ja=プロジェクトセカイ 壊れたセカイと歌えないミク|ja-Latn=Project Sekai Movie: Kowareta Sekai to Utaenai Miku	179878	18780			
season	puniru-wa-kawaii-slime-s1	352	1		2024	FALL		12		171400	18315		443345	
season	puniru-wa-kawaii-slime-s2	352	2		2025	SUMMER		12		185755	19072		443345	
season	punirunes-s1	353	1		2022	FALL		25		155526	17590			
season	punirunes-s2	353	2		2024	FALL		25		179292	18877			
season	punirunes-s3	353	3		2025	SUMMER		26		188653	19361			
movie	q-film	354			2025				キュー|ja=キュー|ja-Latn=Q	200639				
season	rainbow-bubblegem-2-secret-s1	355	1		2025	SPRING		26		188039	19677			
season	ramen-akaneko-s1	356	1		2024	SUMMER		12		170998	18289		443733	
season	ramen-akaneko-s2	356	2		2025			12		185699	19066			
movie	ranbi-wa-film	357			2025				燃比娃|zh-Latn=Ranbi Wa	195456				
season	ranma-1-2-2024-s1	358	1		2024	FALL		12		178533	18700		451479	
season	ranma-1-2-2024-s2	358	2		2025	FALL		12		185731	19067		451479	
season	re-zero-kara-hajimeru-isekai-seikatsu-s1	359	1		2016	SPRING		25		21355	11370		305089	
season	re-zero-kara-hajimeru-isekai-seikatsu-s2p1	359	2		2020	SUMMER		13		108632	14792		305089	
season	re-zero-kara-hajimeru-isekai-seikatsu-s2p2	359	2		2021	WINTER		12		119661	15593		305089	
season	re-zero-kara-hajimeru-isekai-seikatsu-s3	359	3		2024	FALL		16		163134	17947		305089	
season	re-zero-kara-hajimeru-isekai-seikatsu-s4	359	4		2026	SPRING		19		189046	19242		305089	
season	reincarnation-no-kaben-s1	360	1		2026	SPRING		12		179950	18791		452801	
season	replica-datte-koi-wo-suru-s1	361	1		2026	SPRING		12		186744	19158		460313	
movie	rest-film	362			2025				Rest (Movie)	200640				
season	rilakkuma-s1	363	1		2026	SPRING		12		183231	18936		472971	
season	rock-wa-lady-no-tashinami-deshite-s1	364	1		2025	SPRING		13		179694	18769		452456	
season	romelia-senki-s1	365	1		2026	WINTER		12		180894	18858		470269	
season	ruri-no-houseki-s1	366	1		2025	SUMMER		13		180929	18859		454330	
season	s-rank-monster-no-behemoth-dakedo-neko-to-machigawarete-elf-s1	367	1		2025	WINTER		12		176158	18541		447749	
season	sai-kyo-oh-zukan-the-ultimate-tournament-s1	368	1		2025	SPRING		51		185718	19288			
season	saigo-ni-hitotsu-dake-onegai-shitemo-yoroshii-deshou-ka-s1	369	1		2025	FALL		13		181447	18868		454525	
season	saikyou-no-ousama-nidome-no-jinsei-wa-nani-wo-suru-s1	370	1		2025	SPRING		12		183161	18935		455684	
season	saikyou-no-ousama-nidome-no-jinsei-wa-nani-wo-suru-s2	370	2		2026	SPRING		12		194317	19381		455684	
movie	saka-no-me-film	371			2025				さかのめ|ja=さかのめ|ja-Latn=Saka no Me	205838				
season	sakamoto-days-s1	372	1		2025	WINTER		11		177709	18654		423732	
season	sakamoto-days-s2p2	372	2		2025	SUMMER		11		184237	18984		423732	
season	salaryman-ga-isekai-ni-ittara-shitennou-ni-natta-hanashi-s1	373	1		2025	WINTER		12		179689	18768		452426	
season	sanda-s1	374	1		2025	FALL		12		179302	18751		452103	
season	sasaki-to-pii-chan-s1	375	1		2024	WINTER		12		152682	17530		422728	
season	sasaki-to-pii-chan-s2	375	2		2026	WINTER		12		176314	18563		422728	
season	sawaranaide-kotesashi-kun-mini-anime-gekijou-s1	376	1		2025	FALL		12		199812				
season	sawaranaide-kotesashi-kun-s1	377	1		2025	FALL		12		187331	19196		460974	
season	second-prettiest-girl-in-class-s1	378	1		2026	SPRING		12		169580	18209		440057	
season	seihantai-na-kimi-to-boku-s1	379	1		2026	WINTER		12		184951	19010		457078	
season	seishun-buta-yarou-wa-santa-claus-no-yume-wo-minai-s1	380	1		2025	SUMMER		13		171046	18300		345596	
movie	senpai-wa-otokonoko-movie-ame-nochi-hare-film	381			2025				先輩はおとこのこ あめのち晴れ|ja=先輩はおとこのこ あめのち晴れ|ja-Latn=Senpai wa Otokonoko Movie: Ame Nochi Hare	182158	18881			
season	sentai-daishikkaku-s1	382	1		2024	SPRING		12		158417	17703		428030	
season	sentai-daishikkaku-s2	382	2		2025	SPRING		12		178781	18725		428030	
season	sentai-red-isekai-de-boukensha-ni-naru-s1	383	1		2025	WINTER		12		180052	18809		453022	
season	shabake-s1	384	1		2025	FALL		13		184997	19013		457106	
season	shibou-yuugi-de-meshi-wo-kuu-s1	385	1		2026	WINTER		11		180746	18845		453992	
season	shibuya-hachi-s1	386	1		2024	SPRING		13		176577	18492		446097	
season	shibuya-hachi-s2p2	386	2		2024	FALL		12		181835	18822			
season	shibuya-hachi-s3p3	386	3		2025	SPRING		13		185715	19274			
season	shibuya-hachi-s4p4	386	4		2025	FALL		12		195173				
movie	shijian-zhizi-film	387			2025				时间之子|zh-Latn=Shijian Zhizi	199372	19498			
season	shin-samurai-den-yaiba-s1	388	1		2025	SPRING		24		177476	18612		449857	
season	shinjiteita-nakama-tachi-ni-dungeon-okuchi-de-s1	389	1		2025	FALL		12		184322	18989		456730	
season	shinobanai-crypto-ninja-sakuya-s1	390	1		2023	FALL		13		170041				
season	shinobanai-crypto-ninja-sakuya-s2	390	2		2024	WINTER		12		172852				
season	shinobanai-crypto-ninja-sakuya-s3	390	3		2025	SUMMER		13		181867	19439			
movie	shinsei-tamamizu-monogatari-film	391			2025				新生・玉水物語|ja=新生・玉水物語|ja-Latn=Shinsei: Tamamizu Monogatari	205837				
season	shirobuta-kizoku-desu-ga-zense-no-kioku-ga-haeta-node-s1	392	1		2025	SUMMER		12		179541	18760		452300	
season	shiunji-ke-no-kodomotachi-s1	393	1		2025	SPRING		12		174802	18496		446141	
season	shou-3-ashibe-qq-goma-chan-s1	394	1		2026	SPRING		12		202386	19930			
season	shoushimin-series-s1	395	1		2024	SUMMER		10		173295	18405		444609	
season	shoushimin-series-s2	395	2		2025	SPRING		12		181182	18864		444609	
season	shunkashuutou-daikousha-haru-no-mai-s1	396	1		2026	SPRING		14		190143	19283		462446	
season	shuukan-ranobe-anime-s1	397	1		2025	SUMMER		12		198745	19465			
season	shuumatsu-touring-s1	398	1		2025	FALL		12		186920	19176		460608	
season	si-vis-the-sound-of-heroes-s1	399	1		2025	FALL		24		196553	19501		466237	
season	silent-witch-chinmoku-no-majo-no-kakushigoto-s1	400	1		2025	SUMMER		13		179966	18795		452832	
season	skip-to-loafer-s1	401	1		2023	SPRING		12		141911	16981		412696	
season	skip-to-loafer-s2	401	2		2026	WINTER		12		185657	19061			
season	slime-taoshite-300-nen-shiranai-uchi-ni-level-max-ni-s1	402	1		2021	SPRING		12		112608	15201		389377	
season	slime-taoshite-300-nen-shiranai-uchi-ni-level-max-ni-s2	402	2		2025	SPRING		12		143337	17110		389377	
season	snowball-earth-s1	403	1		2026	SPRING		13		196144	19477		465925	
season	sono-bisque-doll-wa-koi-wo-suru-s1	404	1		2022	WINTER		12		132405	16250		401233	
season	sono-bisque-doll-wa-koi-wo-suru-s2	404	2		2025	SUMMER		12		154768	17630		401233	
season	sorairo-utility-s1	405	1		2025	WINTER		12		174596	18484		445890	
movie	sore-ike-anpanman-chapon-no-hero-film	406			2025				えいがそれいけ! アンパンマン チャポンのヒーロー!|ja=えいがそれいけ! アンパンマン チャポンのヒーロー!|ja-Latn=Sore Ike! Anpanman: Chapon no Hero!	186542	19257			
season	sousei-no-aquarion-myth-of-emotions-s1	407	1		2025	WINTER		12		162921	13987		456359	
season	sousou-no-frieren-s1	408	1		2023	FALL		28		154587	17617		424536	
season	sousou-no-frieren-s2	408	2		2026	WINTER		10		182255	18886		424536	
season	sozai-saishuka-no-isekai-ryokouki-s1	409	1		2025	FALL		12		187663	19204		461265	
season	spy-x-family-s1	410	1		2022	SPRING		12		140960	16947		405920	
season	spy-x-family-s2p2	410	2		2022	FALL		13		142838	17061		405920	
season	spy-x-family-s3	410	3		2023	FALL		12		158927	17784		405920	
season	spy-x-family-s4	410	4		2025	FALL		13		177937	18677		405920	
season	sumikko-gurashi-koko-ga-ochitsukun-desu-s1	411	1		2025	SPRING		26		188884	19305			
movie	sumikko-gurashi-movie-4-sora-no-oukoku-to-futari-no-ko-film	412			2025				映映画 すみっコぐらし 空の王国とふたりのコ|ja=映映画 すみっコぐらし 空の王国とふたりのコ|ja-Latn=Sumikko Gurashi Movie 4: Sora no Oukoku to Futari no Ko	188522	19639			
movie	summer-pockets-naruse-shiroha-hen-film	413			2025				Summer Pockets 鳴瀬しろは編|ja=Summer Pockets 鳴瀬しろは編|ja-Latn=Summer Pockets: Naruse Shiroha-hen	206611				
movie	summer-pockets-sorakado-ao-hen-film	414			2025				Summer Pockets 空門蒼編|ja=Summer Pockets 空門蒼編|ja-Latn=Summer Pockets: Sorakado Ao-hen	206610				
movie	summer-pockets-tsumugi-wenders-hen-film	415			2025				Summer Pockets 紬ヴェンダース編|ja=Summer Pockets 紬ヴェンダース編|ja-Latn=Summer Pockets: Tsumugi Wenders-hen	206609				
season	summer-pockets-s1	416	1		2025	SPRING		26		143200	13693		451711	
movie	summer-pockets-film	416			2025				Summer Pockets 久島鴎編|ja=Summer Pockets 久島鴎編|ja-Latn=Summer Pockets Movie	195230	19596			
season	sylvanian-families-freya-no-wonder-days-s1	417	1		2025	FALL		12		198921	19590			
movie	synapusyu-the-movie-pushu-hoppe-dancing-party-film	418			2025				シナぷしゅ THE MOVIE ぷしゅほっぺダンシングPARTY|ja=シナぷしゅ THE MOVIE ぷしゅほっぺダンシングPARTY|ja-Latn=Synapusyu The Movie: Pushu Hoppe Dancing Party	193613				
movie	tabekko-doubutsu-the-movie-film	419			2025				たべっ子どうぶつ THE MOVIE|ja=たべっ子どうぶつ THE MOVIE|ja-Latn=Tabekko Doubutsu The Movie	180124	19048			
season	tadaima-ojamasaremasu-s1	420	1		2026	SPRING		12		202985	19736		470864	
season	taiyou-yori-mo-mabushii-hoshi-s1	421	1		2025	FALL		12		186621	19145		460096	
movie	tamala-2030-a-punk-cat-in-dark-film	422			2025				Tamala 2030: A Punk Cat in Dark	120756	19490			
season	tamon-kun-ima-docchi-s1	423	1		2026	WINTER		13		178005	18681		451101	
season	tasokare-hotel-s1	424	1		2025	WINTER		12		178495	18709		451531	
season	tate-no-yuusha-no-nariagari-s1	425	1		2019	WINTER		25		99263	13246		353712	
season	tate-no-yuusha-no-nariagari-s2	425	2		2022	SPRING		13		111321	15070		353712	
season	tate-no-yuusha-no-nariagari-s3	425	3		2023	FALL		12		111322	15071		353712	
season	tate-no-yuusha-no-nariagari-s4	425	4		2025	SUMMER		12		173780	18439		353712	
season	tensei-akujo-no-kuro-rekishi-s1	426	1		2025	FALL		12		174914	18497		446238	
season	tensei-shitara-dainana-ouji-datta-node-kimama-ni-majutsu-wo-s1	427	1		2024	SPRING		12		156415	17702		426834	
season	tensei-shitara-dainana-ouji-datta-node-kimama-ni-majutsu-wo-s2	427	2		2025	SUMMER		12		178090	18694		426834	
season	tensei-shitara-dragon-no-tamago-datta-s1	428	1		2026	WINTER		12		187941	19217		461466	
season	tensei-shitara-slime-datta-ken-s1	429	1		2018	FALL		24		101280	13871		352408	
season	tensei-shitara-slime-datta-ken-s2p1	429	2		2021	WINTER		12		108511	14767		352408	
season	tensei-shitara-slime-datta-ken-s2p2	429	2		2021	SUMMER		12		116742	15456		352408	
season	tensei-shitara-slime-datta-ken-s3	429	3		2024	SPRING		24		156822	17709		352408	
season	tensei-shitara-slime-datta-ken-s4	429	4		2026	SPRING		24		182205	18884		352408	
season	teogonia-s1	430	1		2025	SPRING		12		176702	18583		448537	
season	tetsunabe-no-jan-s1	431	1		2026	WINTER		12		204060	19768		471657	
movie	thunderbolt-fantasy-movie-touri-ken-yuuki-saishuushou-film	432			2025				Thunderbolt Fantasy 東離劍遊紀 最終章|ja=Thunderbolt Fantasy 東離劍遊紀 最終章|ja-Latn=Thunderbolt Fantasy Movie: Touri-ken Yuuki - Saishuushou	176432	18560			
movie	toemarok-film	433			2025				퇴마록|ko=퇴마록|ko-Latn=Toemarok	163785				
season	tomica-and-tom-s1	434	1		2025	SUMMER				196227				
season	tomica-heroes-jobraver-tokusou-gattai-robo-s1	435	1		2025	SUMMER		25		196229				
season	tomodachi-no-imouto-ga-ore-ni-dake-uzai-s1	436	1		2025	FALL		12		129195	16026		404174	
season	tondemo-skill-de-isekai-hourou-meshi-s1	437	1		2023	WINTER		12		156067	17689		426572	
season	tondemo-skill-de-isekai-hourou-meshi-s2	437	2		2025	FALL		12		170577	18257		426572	
season	tongari-boushi-no-atelier-s1	438	1		2026	SPRING		13		147105	17305		418666	
movie	tooi-san-wa-seishun-shitai-baka-to-smapho-to-romance-to-film	439			2025				遠井さん|ja=遠井さん|ja-Latn=Tooi-san wa Seishun Shitai! "Baka to SmaPho to Romance to"	193623				
movie	toritsukare-otoko-film	440			2025				トリツカレ男|ja=トリツカレ男|ja-Latn=Toritsukare Otoko	193294	19344			
season	tougen-anki-s1	441	1		2025	SUMMER		24		177474	18615		449843	
season	toujima-tanzaburou-wa-kamen-rider-ni-naritai-s1	442	1		2025	FALL		24		187464	19202		461118	
season	toumei-otoko-to-ningen-onna-sonouchi-fuufu-ni-naru-futari-s1	443	1		2026	WINTER		12		185039	19015		457201	
season	towa-no-yuugure-s1	444	1		2025	FALL		12		195153	19415		465214	
season	trigun-stampede-s1	445	1		2023	WINTER		12		151040	17464		421378	
season	trigun-stampede-s2	445	2		2026	WINTER		12	TRIGUN STAMPEDE (完結編)|en=Trigun Stargaze|ja=TRIGUN STAMPEDE (完結編)|ja-Latn=Trigun Stargaze	163144	17953		421378	
movie	trust-film	446			2025				Trust (Movie)	185901	19170			
season	tsuihousha-shokudou-e-youkoso-s1	447	1		2025	SUMMER		12		185544	19054		457843	
season	tsuyokute-new-saga-s1	448	1		2025	SUMMER		12		155838	17672		426199	
season	turkey-s1	449	1		2025	SUMMER		12		159483	17801		429452	
season	ubel-blatt-s1	450	1		2025	WINTER		12		175198	18499		446485	
season	uchuujin-muumuu-s1	451	1		2025	SPRING		24		185070	19018		457250	
season	uma-musume-cinderella-gray-s1	452	1		2025	SPRING		13		180516	18829		453673	
season	uma-musume-cinderella-gray-s2p2	452	2		2025	FALL		10		195240	19419		453673	
season	uniteup-uni-birth-s1	453	1		2025	WINTER		12		167742	18141		426861	
season	unnamed-memory-s1	454	1		2024	SPRING		12		158709	17767		428352	
season	unnamed-memory-s2	454	2		2025	WINTER		12		178550	18713		428352	
season	uruwashi-no-yoi-no-tsuki-s1	455	1		2026	WINTER		12		192507	19325		463481	
season	uso-tantei-tomanto-s1	456	1		2025	FALL		26		199008				
movie	uta-no-prince-sama-movie-taboo-night-kisses-film	457			2025				うたの☆プリンスさまっ♪ TABOO NIGHT XXXX|ja=うたの☆プリンスさまっ♪ TABOO NIGHT XXXX|ja-Latn=Uta no☆Prince-sama♪ Movie: Taboo Night Kisses	172393	18961			
season	utagoe-wa-mille-feuille-s1	458	1		2025	SUMMER		10		166215	18065		436237	
movie	versailles-no-bara-film	459			2025				ベルサイユのばら|ja=ベルサイユのばら|ja-Latn=Versailles no Bara	154392	17609			
movie	very-chubby-belly-film	460			2025				ベリーチャビーベリー|ja=ベリーチャビーベリー|ja-Latn=Very Chubby Belly	207350				
season	vigilante-boku-no-hero-academia-illegals-s1	461	1		2025	SPRING		13		185736	19069		458058	
season	vigilante-boku-no-hero-academia-illegals-s2	461	2		2026	WINTER		13		195322	19423		458058	
movie	virgin-punk-clockwork-girl-film	462			2025				ヴァージン・パンク|ja=ヴァージン・パンク|ja-Latn=Virgin Punk: Clockwork Girl	181449	18866		454529	
movie	wadachi-wo-koete-yuke-film	463			2025				轍を越えてゆけ|ja=轍を越えてゆけ|ja-Latn=Wadachi wo Koete Yuke	200642				
season	wandance-s1	464	1		2025	FALL		12		180436	18823		453600	
season	watari-kun-no-xx-ga-houkai-sunzen-s1	465	1		2025	SUMMER		26		169420	18203		439785	
season	watashi-ga-koibito-ni-nareru-wake-naijan-murimuri-muri-ja-s1	466	1		2025	SUMMER		12		184591	19001		456835	
season	watashi-ga-koibito-ni-nareru-wake-naijan-murimuri-muri-ja-s2	466	2		2026	WINTER		5		199112				
season	watashi-no-shiawase-na-kekkon-s1	467	1		2023	SUMMER		12		147103	17304		418665	
season	watashi-no-shiawase-na-kekkon-s2	467	2		2025	WINTER		13		169441	18205		418665	
season	watashi-wo-tabetai-hitodenashi-s1	468	1		2025	FALL		13		183385	18942		455749	
season	wind-breaker-s1	469	1		2024	SPRING		13		163270	17963		433088	
season	wind-breaker-s2	469	2		2025	SPRING		12		178680	18718		433088	
season	wistoria-s1	470	1		2024	SUMMER		12		174576	18482		445829	
season	wistoria-s2	470	2		2026	SPRING		12		182300	18889		445829	
season	witch-watch-s1	471	1		2025	SPRING		25		180367	18816		453127	
season	xi-yangyang-yu-hui-tailang-gu-guguai-jie-you-guguai-s1	472	1		2026	WINTER		60		207363				
season	xi-yangyang-yu-hui-tailang-kuang-ye-xin-yuzhou-s1	473	1		2025	SUMMER		60		196250				
season	xi-yangyang-yu-hui-tailang-qi-xia-da-yingjiu-s1	474	1		2025	WINTER		60		196249				
season	yami-shibai-16-s1	475	1		2026	WINTER		13		203939	19825		271591	
season	yami-shibai-s1	476	1		2013	SUMMER		13		19383	9964		271591	
season	yami-shibai-s2	476	2		2014	SUMMER		13		20669	10717		271591	
season	yami-shibai-s3	476	3		2016	WINTER		13		21473	11748		271591	
season	yami-shibai-s4	476	4		2017	WINTER		13		97890	12575		271591	
season	yami-shibai-s5	476	5		2017	SUMMER		13		98978	13219		271591	
season	yami-shibai-s6	476	6		2018	SUMMER		13		101743	14088		271591	
season	yami-shibai-s7	476	7		2019	SUMMER		13		109603	14922		271591	
season	yami-shibai-s8	476	8		2021	WINTER		13		126678	15879		271591	
season	yami-shibai-s9	476	9		2021	SUMMER		13		135108	16363		271591	
season	yami-shibai-s10	476	10		2024	SUMMER		13		177922	18754		271591	
season	yami-shibai-s11	476	11		2025	WINTER		13		185088	19086		271591	
season	yami-shibai-s12	476	12		2025	SUMMER		13		194088	19426		271591	
season	yano-kun-no-futsuu-no-hibi-s1	477	1		2025	FALL		12		183965	18971		453230	
season	yasei-no-last-boss-ga-arawareta-s1	478	1		2025	FALL		12		180523	18831		453694	
movie	yell-for-you-film	479			2025				エールフォーユー|ja=エールフォーユー|ja-Latn=Yell For You	187582				
movie	yeon-ui-pyeonji-film	480			2025				연의 편지|ko=연의 편지|ko-Latn=Yeon-ui Pyeonji	163788				
season	yofukashi-no-uta-s1	481	1		2022	SUMMER		13		141391	16971		412374	
season	yofukashi-no-uta-s2	481	2		2025	SUMMER		12		175914	18531		412374	
season	yomi-no-tsugai-s1	482	1		2026	SPRING		24		195600	19451		452711	
season	yoroi-shin-den-samurai-troopers-s1	483	1		2026	WINTER		12		194318	19380		464693	
movie	yoru-no-humming-film	484			2025				夜のハミング|ja=夜のハミング|ja-Latn=Yoru no Humming	207598				
season	youkoso-jitsuryoku-shijou-shugi-no-kyoushitsu-e-s1	485	1		2017	SUMMER		12		98659	13153		329822	
season	youkoso-jitsuryoku-shijou-shugi-no-kyoushitsu-e-s2	485	2		2022	SUMMER		13		145545	17208		329822	
season	youkoso-jitsuryoku-shijou-shugi-no-kyoushitsu-e-s3	485	3		2024	WINTER		13		146066	17237		329822	
season	youkoso-jitsuryoku-shijou-shugi-no-kyoushitsu-e-s4	485	4		2026	SPRING		12	Youkoso Jitsuryoku Shijou Shugi no Kyoushitsu e: Ninensei-hen (ようこそ実力至上主義の教室へ 2年生編)|ja=Youkoso Jitsuryoku Shijou Shugi no Kyoushitsu e: Ninensei-hen (ようこそ実力至上主義の教室へ 2年生編)|ja-Latn=4th Season: 2-nensei-hen 1 Gakki	180745	18844		329822	
season	your-forma-s1	486	1		2025	SPRING		13		167142	18117		436400	
season	youtunya-s1	487	1		2023	SPRING		15		162717	17923			
season	youtunya-s2	487	2		2024	SPRING		12		176635				
season	youtunya-s3	487	3		2025	SPRING		10		189602				
season	yowayowa-sensei-s1	488	1		2026	SPRING		12		185211	19024		457471	
season	yozakura-san-chi-no-daisakusen-s1	489	1		2024	SPRING		27		158898	17773		424019	
season	yozakura-san-chi-no-daisakusen-s2	489	2		2026	SPRING		12		182578	18900		424019	
season	yurukawa-mell-chan-s1	490	1		2025	SPRING		13		189716				
season	yuusha-kei-ni-shosu-choubatsu-yuusha-9004-tai-keimu-kiroku-s1	491	1		2026	WINTER		12		167152	18124		437266	
season	yuusha-no-kuzu-s1	492	1		2026	WINTER		24		187989	19219		461513	
season	yuusha-party-ni-kawaii-ko-ga-ita-node-kokuhaku-shitemita-s1	493	1		2026	WINTER		13		195515	19440		465505	
season	yuusha-party-wo-oidasareta-kiyoubinbou-s1	494	1		2026	WINTER		12		187264	19190		460903	
season	yuusha-party-wo-tsuihou-sareta-shiromadoushi-s-rank-s1	495	1		2025	SUMMER		12		179885	18782		452713	
movie	zashikiro-film	496			2025				座敷牢|ja=座敷牢|ja-Latn=Zashikiro	199373				
season	zatsu-tabi-that-s-journey-s1	497	1		2025	SPRING		12		165445	18046		435343	
season	zenryoku-usagi-2023-s1	498	1		2023	FALL		12		145000	17190			
season	zenryoku-usagi-2023-s2	498	2		2025	SPRING		12		184182	18981			
season	zenshuu-s1	499	1		2025	WINTER		12		176273	18547		447955	
season	zombie-no-afureta-sekai-de-ore-dake-ga-osowarenai-s1	500	1		2026	WINTER		12		174427	18462			
movie	zombieland-saga-movie-yumeginga-paradise-film	501			2025				ゾンビランドサガ ゆめぎんがパラダイス|ja=ゾンビランドサガ ゆめぎんがパラダイス|ja-Latn=Zombieland Saga Movie: Yumeginga Paradise	140337	16911			
season	zutaboro-reijou-wa-ane-no-moto-konyakusha-ni-dekiai-sareru-s1	502	1		2025	SUMMER		12		179879	18781		452712	
!characters	id	file	names	series
akane-suoh	aishiteru-game-wo-owarasetai.yaml	蘇芳アカネ|en=Akane Suoh|ja=蘇芳アカネ	10
haruto-yamabuki	aishiteru-game-wo-owarasetai.yaml	山吹陽斗|en=Haruto Yamabuki|ja=山吹陽斗	10
hayato-ishiba	aishiteru-game-wo-owarasetai.yaml	飯柴隼人|en=Hayato Ishiba|ja=飯柴隼人	10
hinako-hanaba	aishiteru-game-wo-owarasetai.yaml	花葉雛子|en=Hinako Hanaba|ja=花葉雛子	10
kakeru-chigusa	aishiteru-game-wo-owarasetai.yaml	千草駆流|en=Kakeru Chigusa|ja=千草駆流	10
kazane-shirayuri	aishiteru-game-wo-owarasetai.yaml	白百合風音|en=Kazane Shirayuri|ja=白百合風音	10
marika-yanagi	aishiteru-game-wo-owarasetai.yaml	柳茉莉花|en=Marika Yanagi|ja=柳茉莉花	10
masaru-shinonome	aishiteru-game-wo-owarasetai.yaml	東雲匡琉|en=Masaru Shinonome|ja=東雲匡琉	10
mei-oguri	aishiteru-game-wo-owarasetai.yaml	小栗芽衣|en=Mei Oguri|ja=小栗芽衣	10
mika-mihashi	aishiteru-game-wo-owarasetai.yaml	三橋ミカ|en=Mika Mihashi|ja=三橋ミカ	10
miku-sakura	aishiteru-game-wo-owarasetai.yaml	桜みく|en=Miku Sakura|ja=桜みく	10
natsuki-moegi	aishiteru-game-wo-owarasetai.yaml	萌木菜月|en=Natsuki Moegi|ja=萌木菜月	10
riku-chikamasa	aishiteru-game-wo-owarasetai.yaml	近政陸空|en=Riku Chikamasa|ja=近政陸空	10
rio-unohana	aishiteru-game-wo-owarasetai.yaml	卯ノ花梨生|en=Rio Unohana|ja=卯ノ花梨生	10
ryotaro-fuji	aishiteru-game-wo-owarasetai.yaml	藤遼太郎|en=Ryōtarō Fuji|ja=藤遼太郎	10
wakana-asagi	aishiteru-game-wo-owarasetai.yaml	浅葱若菜|en=Wakana Asagi|ja=浅葱若菜	10
yukiya-asagi	aishiteru-game-wo-owarasetai.yaml	浅葱優希也|en=Yukiya Asagi|ja=浅葱優希也	10
akane-osaki	akane-banashi.yaml	桜咲朱音|en=Akane Osaki|ja=桜咲朱音	11
asta	black-clover.yaml	アスタ|en=Asta|ja=アスタ	41
heath-grice	black-clover.yaml	ヒース・グライス|en=Heath Grice|ja=ヒース・グライス	41
lotus-whomalt	black-clover.yaml	ロータス・フーモルト|en=Lotus Whomalt|ja=ロータス・フーモルト	41
luck-voltia	black-clover.yaml	ラック・ボルティア|en=Luck Voltia|ja=ラック・ボルティア	41
magna-swing	black-clover.yaml	マグナ・スウィング|en=Magna Swing|ja=マグナ・スウィング	41
mimosa-vermillion	black-clover.yaml	ミモザ・ヴァーミリオン|en=Mimosa Vermillion|ja=ミモザ・ヴァーミリオン	41
noelle-silva	black-clover.yaml	ノエル・シルヴァ|en=Noelle Silva|ja=ノエル・シルヴァ	41
revchi-salik	black-clover.yaml	レブチ・サリーク|en=Revchi Salik|ja=レブチ・サリーク	41
sekke-bronzazza	black-clover.yaml	セッケ・ブロンザッザ|en=Sekke Bronzazza|ja=セッケ・ブロンザッザ	41
yami-sukehiro	black-clover.yaml	ヤミ・スケヒロ|en=Yami Sukehiro|ja=ヤミ・スケヒロ	41
luna	champignon-no-majo.yaml	ルーナ|en=Luna|ja=ルーナ	57
tanjiro-kamado	demon-slayer.yaml	竈門炭治郎|en=Tanjirō Kamado|ja=竈門炭治郎	85
aoi-kanzaki	demon-slayer.yaml	神崎アオイ|en=Aoi Kanzaki|ja=神崎アオイ	85
genya-shinazugawa	demon-slayer.yaml	不死川玄弥|en=Genya Shinazugawa|ja=不死川玄弥	85
giyu-tomioka	demon-slayer.yaml	冨岡義勇|en=Giyū Tomioka|ja=冨岡義勇	85
inosuke-hashibira	demon-slayer.yaml	嘴平伊之助|en=Inosuke Hashibira|ja=嘴平伊之助	85
kagaya-ubuyashiki	demon-slayer.yaml	産屋敷耀哉|en=Kagaya Ubuyashiki|ja=産屋敷耀哉	85
kanao-tsuyuri	demon-slayer.yaml	栗花落カナヲ|en=Kanao Tsuyuri|ja=栗花落カナヲ	85
kanata-ubuyashiki	demon-slayer.yaml	産屋敷かなた|en=Kanata Ubuyashiki|ja=産屋敷かなた	85
makomo	demon-slayer.yaml	真菰|en=Makomo|ja=真菰	85
muzan-kibutsuji	demon-slayer.yaml	鬼舞辻無惨|en=Muzan Kibutsuji|ja=鬼舞辻無惨	85
nezuko-kamado	demon-slayer.yaml	竈門禰󠄀豆子|en=Nezuko Kamado|ja=竈門禰󠄀豆子	85
sabito	demon-slayer.yaml	錆兎|en=Sabito|ja=錆兎	85
sakonji-urokodaki	demon-slayer.yaml	鱗滝左近次|en=Sakonji Urokodaki|ja=鱗滝左近次	85
suma	demon-slayer.yaml	須磨|en=Suma|ja=須磨	85
yoriichi-tsugikuni	demon-slayer.yaml	継国縁壱|en=Yoriichi Tsugikuni|ja=継国縁壱	85
zenitsu-agatsuma	demon-slayer.yaml	我妻善逸|en=Zenitsu Agatsuma|ja=我妻善逸	85
shinra-kusakabe	enen-no-shouboutai.yaml	森羅日下部|en=Shinra Kusakabe|ja=森羅日下部	96
tamaki-kotatsu	enen-no-shouboutai.yaml	環古達|en=Tamaki Kotatsu|ja=環古達	96
artoria-pendragon	fate.yaml	セイバー|en=Saber|ja=セイバー	100|101
archer	fate.yaml	アーチャー|en=Archer|ja=アーチャー	100
assassin	fate.yaml	アサシン|en=Assassin|ja=アサシン	100
berserker	fate.yaml	バーサーカー|en=Berserker|ja=バーサーカー	100
caster	fate.yaml	キャスター|en=Caster|ja=キャスター	100
enkidu	fate.yaml	エンキドゥ|en=Enkidu|ja=エンキドゥ	102
ereshkigal	fate.yaml	エレシュキガル|en=Ereshkigal|ja=エレシュキガル	102
gilgamesh	fate.yaml	ギルガメッシュ|en=Gilgamesh|ja=ギルガメッシュ	100|102|101
illyasviel-von-einzbern	fate.yaml	イリヤスフィール·フォン·アインツベルン|en=Illyasviel von Einzbern|ja=イリヤスフィール·フォン·アインツベルン	100|101
irisviel-von-einzbern	fate.yaml	アイリスフィール・フォン・アインツベルン|en=Irisviel von Einzbern|ja=アイリスフィール・フォン・アインツベルン	101
iskandar	fate.yaml	イスカンダル|en=Iskandar|ja=イスカンダル	101
kirei-kotomine	fate.yaml	言峰綺礼|en=Kirei Kotomine|ja=言峰綺礼	100|101
kiritsugu-emiya	fate.yaml	衛宮切嗣|en=Kiritsugu Emiya|ja=衛宮切嗣	100|101
lancelot	fate.yaml	バーサーカー|en=Lancelot|ja=バーサーカー	101
lancer	fate.yaml	ランサー|en=Lancer|ja=ランサー	100
no-name-assassin	fate.yaml	名も無きアサシン|en=No Name Assassin|ja=名も無きアサシン	102
richard-i	fate.yaml	リチャード1世|en=Richard I|ja=リチャード1世	102
rider	fate.yaml	ライダー|en=Rider|ja=ライダー	100
rin-tohsaka	fate.yaml	遠坂凛|en=Rin Tohsaka|ja=遠坂凛	100|101
sakura-mato	fate.yaml	間桐桜|en=Sakura Matō|ja=間桐桜	100
shinji-mato	fate.yaml	間桐慎二|en=Shinji Matō|ja=間桐慎二	100
shiro-emiya	fate.yaml	衛宮士郎|en=Shirō Emiya|ja=衛宮士郎	100
taiga-fujimura	fate.yaml	藤村大河|en=Taiga Fujimura|ja=藤村大河	100
waver-velvet	fate.yaml	ウェイバー・ベルベット|en=Waver Velvet|ja=ウェイバー・ベルベット	101
saichi-sugimoto	golden-kamuy.yaml	杉元佐一|en=Saichi Sugimoto|ja=杉元佐一	129
hikari-hoshimiya	haibara-kun-no-tsuyokute-seishun-new-game.yaml	星宮陽花里|en=Hikari Hoshimiya|ja=星宮陽花里	138
miori-motomiya	haibara-kun-no-tsuyokute-seishun-new-game.yaml	本宮美織|en=Miori Motomiya|ja=本宮美織	138
natsuki-haibara	haibara-kun-no-tsuyokute-seishun-new-game.yaml	灰原夏希|en=Natsuki Haibara|ja=灰原夏希	138
reita-shiratori	haibara-kun-no-tsuyokute-seishun-new-game.yaml	白鳥怜太|en=Reita Shiratori|ja=白鳥怜太	138
tatsuya-nagiura	haibara-kun-no-tsuyokute-seishun-new-game.yaml	凪浦竜也|en=Tatsuya Nagiura|ja=凪浦竜也	138
uta-sakura	haibara-kun-no-tsuyokute-seishun-new-game.yaml	佐倉詩|en=Uta Sakura|ja=佐倉詩	138
yuino-nanase	haibara-kun-no-tsuyokute-seishun-new-game.yaml	七瀬唯乃|en=Yuino Nanase|ja=七瀬唯乃	138
izumi-sano	hanazakari-no-kimitachi-e.yaml	Izumi Sano|en=Izumi Sano	142
mizuki-ashiya	hanazakari-no-kimitachi-e.yaml	芦屋瑞稀|en=Mizuki Ashiya|ja=芦屋瑞稀	142
shuichi-nakatsu	hanazakari-no-kimitachi-e.yaml	中津秀一|en=Shuichi Nakatsu|ja=中津秀一	142
allen	hell-mode-yarikomizuki-no-gamer-wa-hai-settei-no-isekai.yaml	アレン|en=Allen|ja=アレン	146
butler-von-granvelle	hell-mode-yarikomizuki-no-gamer-wa-hai-settei-no-isekai.yaml	パトラー＝フォン＝グランヴェル|en=Butler von Granvelle|ja=パトラー＝フォン＝グランヴェル	146
carnelle	hell-mode-yarikomizuki-no-gamer-wa-hai-settei-no-isekai.yaml	カルネル|en=Carnelle|ja=カルネル	146
cecil	hell-mode-yarikomizuki-no-gamer-wa-hai-settei-no-isekai.yaml	セシル|en=Cecil|ja=セシル	146
dogora	hell-mode-yarikomizuki-no-gamer-wa-hai-settei-no-isekai.yaml	ドゴラ|en=Dogora|ja=ドゴラ	146
krena	hell-mode-yarikomizuki-no-gamer-wa-hai-settei-no-isekai.yaml	クレナ|en=Krena|ja=クレナ	146
mash	hell-mode-yarikomizuki-no-gamer-wa-hai-settei-no-isekai.yaml	マッシュ|en=Mash|ja=マッシュ	146
mihai-granvelle	hell-mode-yarikomizuki-no-gamer-wa-hai-settei-no-isekai.yaml	ミハイ＝グランヴェル|en=Mihai Granvelle|ja=ミハイ＝グランヴェル	146
rodin	hell-mode-yarikomizuki-no-gamer-wa-hai-settei-no-isekai.yaml	ロダン|en=Rodin|ja=ロダン	146
theresia	hell-mode-yarikomizuki-no-gamer-wa-hai-settei-no-isekai.yaml	テレシア|en=Theresia|ja=テレシア	146
thomas-granvelle	hell-mode-yarikomizuki-no-gamer-wa-hai-settei-no-isekai.yaml	トマス＝グランヴェル|en=Thomas Granvelle|ja=トマス＝グランヴェル	146
zenof	hell-mode-yarikomizuki-no-gamer-wa-hai-settei-no-isekai.yaml	ゼノフ|en=Zenof|ja=ゼノフ	146
chie-uru	high-school-kimengumi-2026.yaml	宇留千絵|en=Chie Uru|ja=宇留千絵	151
chikara-suji	high-school-kimengumi-2026.yaml	筋力|en=Chikara Suji|ja=筋力	151
dai-monohoshi	high-school-kimengumi-2026.yaml	物星大|en=Dai Monohoshi|ja=物星大	151
desuko-honba	high-school-kimengumi-2026.yaml	本場出須子|en=Desuko Honba|ja=本場出須子	151
don-harumage	high-school-kimengumi-2026.yaml	春曲鈍|en=Don Harumage|ja=春曲鈍	151
doremi-hasorashi	high-school-kimengumi-2026.yaml	葉反度礼美|en=Doremi Hasorashi|ja=葉反度礼美	151
gorou-mutsu	high-school-kimengumi-2026.yaml	陸奥五郎|en=Gorou Mutsu|ja=陸奥五郎	151
go-reietsu	high-school-kimengumi-2026.yaml	冷越豪|en=Gō Reietsu|ja=冷越豪	151
ichirou-shinjitsu	high-school-kimengumi-2026.yaml	真実一郎|en=Ichirou Shinjitsu|ja=真実一郎	151
ikue-sandanbara	high-school-kimengumi-2026.yaml	三段腹幾重|en=Ikue Sandanbara|ja=三段腹幾重	151
ippei-kawa	high-school-kimengumi-2026.yaml	河川一平|en=Ippei Kawa|ja=河川一平	151
itazou-kawa	high-school-kimengumi-2026.yaml	河川板造|en=Itazou Kawa|ja=河川板造	151
jako-amano	high-school-kimengumi-2026.yaml	天野邪子|en=Jako Amano|ja=天野邪子	151
jin-daima	high-school-kimengumi-2026.yaml	大間仁|en=Jin Daima|ja=大間仁	151
kai-undou	high-school-kimengumi-2026.yaml	雲童塊|en=Kai Undou|ja=雲童塊	151
kayo-ooba	high-school-kimengumi-2026.yaml	大場加代|en=Kayo Ooba|ja=大場加代	151
kazaru-sugata	high-school-kimengumi-2026.yaml	姿飾|en=Kazaru Sugata|ja=姿飾	151
ken-akiresu	high-school-kimengumi-2026.yaml	亜切須腱|en=Ken Akiresu|ja=亜切須腱	151
kensaku-meri	high-school-kimengumi-2026.yaml	米利堅作|en=Kensaku Meri|ja=米利堅作	151
kimeru-setto	high-school-kimengumi-2026.yaml	節戸決|en=Kimeru Setto|ja=節戸決	151
kiri-ichidou	high-school-kimengumi-2026.yaml	一堂霧|en=Kiri Ichidou|ja=一堂霧	151
kiyoi-shusse	high-school-kimengumi-2026.yaml	出瀬清|en=Kiyoi Shusse|ja=出瀬清	151
kiyoshi-shusse	high-school-kimengumi-2026.yaml	出瀬潔|en=Kiyoshi Shusse|ja=出瀬潔	151
koeru-tabuchi	high-school-kimengumi-2026.yaml	田打肥|en=Koeru Tabuchi|ja=田打肥	151
kou-irooto	high-school-kimengumi-2026.yaml	色音好|en=Kou Irooto|ja=色音好	151
lassie-ichidou	high-school-kimengumi-2026.yaml	一堂ラッシー|en=Lassie Ichidou|ja=一堂ラッシー	151
maki-hidari	high-school-kimengumi-2026.yaml	左真紀|en=Maki Hidari|ja=左真紀	151
mari-oda	high-school-kimengumi-2026.yaml	織田魔利|en=Mari Oda|ja=織田魔利	151
masuyo-ikari	high-school-kimengumi-2026.yaml	伊狩増代|en=Masuyo Ikari|ja=伊狩増代	151
mei-undou	high-school-kimengumi-2026.yaml	雲童命|en=Mei Undou|ja=雲童命	151
menichi-nikaidou	high-school-kimengumi-2026.yaml	二階胴面一|en=Menichi Nikaidou|ja=二階胴面一	151
naori-ichidou	high-school-kimengumi-2026.yaml	一堂直利|en=Naori Ichidou|ja=一堂直利	151
omiya-nakasudou	high-school-kimengumi-2026.yaml	中須藤臣也|en=Omiya Nakasudou|ja=中須藤臣也	151
pochi	high-school-kimengumi-2026.yaml	ポチ|en=Pochi|ja=ポチ	151
puutarou-reietsu	high-school-kimengumi-2026.yaml	冷越風太郎|en=Puutarou Reietsu|ja=冷越風太郎	151
ran-wakato	high-school-kimengumi-2026.yaml	若人蘭|en=Ran Wakato|ja=若人蘭	151
ranto-jougai	high-school-kimengumi-2026.yaml	城亥乱人|en=Ranto Jougai|ja=城亥乱人	151
rei-ichido	high-school-kimengumi-2026.yaml	一堂零|en=Rei Ichidō|ja=一堂零	151
sakio-kochou	high-school-kimengumi-2026.yaml	小蝶先生|en=Sakio Kochou|ja=小蝶先生	151
sakugo-jidai	high-school-kimengumi-2026.yaml	事代作吾|en=Sakugo Jidai|ja=事代作吾	151
shou-kireide	high-school-kimengumi-2026.yaml	切出翔|en=Shou Kireide|ja=切出翔	151
shumi-monozuki	high-school-kimengumi-2026.yaml	物月珠美|en=Shumi Monozuki|ja=物月珠美	151
susumu-intahai	high-school-kimengumi-2026.yaml	印田灰進|en=Susumu Intahai|ja=印田灰進	151
takashi-hokori	high-school-kimengumi-2026.yaml	矛利高志|en=Takashi Hokori|ja=矛利高志	151
takuma-sessa	high-school-kimengumi-2026.yaml	石砂拓真|en=Takuma Sessa|ja=石砂拓真	151
takuseki-ichidou	high-school-kimengumi-2026.yaml	一堂啄石|en=Takuseki Ichidou|ja=一堂啄石	151
torio-tanokin	high-school-kimengumi-2026.yaml	頼金鳥雄|en=Torio Tanokin|ja=頼金鳥雄	151
wakazou-temekono	high-school-kimengumi-2026.yaml	手目小野若蔵|en=Wakazou Temekono|ja=手目小野若蔵	151
you-nihiruda	high-school-kimengumi-2026.yaml	似蛭田妖|en=You Nihiruda|ja=似蛭田妖	151
yui-kawa	high-school-kimengumi-2026.yaml	河川唯|en=Yui Kawa|ja=河川唯	151
yutaka-konjou	high-school-kimengumi-2026.yaml	今條豊|en=Yutaka Konjou|ja=今條豊	151
serafina-de-lavillant	himekishi-wa-barbaroi-no-yome.yaml	セラフィーナ・ド・ラヴィラント|en=Serafina de Lavillant|ja=セラフィーナ・ド・ラヴィラント	154
veor	himekishi-wa-barbaroi-no-yome.yaml	ヴェーオル|en=Veor|ja=ヴェーオル	154
angelica	honzuki-no-gekokujou.yaml	アンゲリカ|en=Angelica|ja=アンゲリカ	160
arno	honzuki-no-gekokujou.yaml	アルノー|en=Arno|ja=アルノー	160
benno	honzuki-no-gekokujou.yaml	ベンノ|en=Benno|ja=ベンノ	160
bezewanst	honzuki-no-gekokujou.yaml	ベーゼヴァンス|en=Bezewanst|ja=ベーゼヴァンス	160
bierce	honzuki-no-gekokujou.yaml	ビアス|en=Bierce|ja=ビアス	160
christine	honzuki-no-gekokujou.yaml	クリスティーネ|en=Christine|ja=クリスティーネ	160
corinna	honzuki-no-gekokujou.yaml	コリンナ|en=Corinna|ja=コリンナ	160
damuel	honzuki-no-gekokujou.yaml	ダームエル|en=Damuel|ja=ダームエル	160
deid	honzuki-no-gekokujou.yaml	ディード|en=Deid|ja=ディード	160
delia	honzuki-no-gekokujou.yaml	デリア|en=Delia|ja=デリア	160
eckhart	honzuki-no-gekokujou.yaml	エックハルト|en=Eckhart|ja=エックハルト	160
effa	honzuki-no-gekokujou.yaml	エーファ|en=Effa|ja=エーファ	160
ella	honzuki-no-gekokujou.yaml	エラ|en=Ella|ja=エラ	160
elvira	honzuki-no-gekokujou.yaml	エルヴィーラ|en=Elvira|ja=エルヴィーラ	160
ferdinand	honzuki-no-gekokujou.yaml	フェルディナンド|en=Ferdinand|ja=フェルディナンド	160
fey	honzuki-no-gekokujou.yaml	フェイ|en=Fey|ja=フェイ	160
fran	honzuki-no-gekokujou.yaml	フラン|en=Fran|ja=フラン	160
freida	honzuki-no-gekokujou.yaml	フリーダ|en=Freida|ja=フリーダ	160
giebe-bindewald	honzuki-no-gekokujou.yaml	ギーベ・ビンデバルト|en=Giebe Bindewald|ja=ギーベ・ビンデバルト	160
gil	honzuki-no-gekokujou.yaml	ギル|en=Gil|ja=ギル	160
gloria	honzuki-no-gekokujou.yaml	グローリエ|en=Gloria|ja=グローリエ	160
grausam	honzuki-no-gekokujou.yaml	グラオザム|en=Grausam|ja=グラオザム	160
gunther	honzuki-no-gekokujou.yaml	ギュンター|en=Gunther|ja=ギュンター	160
gustav	honzuki-no-gekokujou.yaml	グスタフ|en=Gustav|ja=グスタフ	160
hartmut	honzuki-no-gekokujou.yaml	ハルトムート|en=Hartmut|ja=ハルトムート	160
heidi	honzuki-no-gekokujou.yaml	ハイディ|en=Heidi|ja=ハイディ	160
hugo	honzuki-no-gekokujou.yaml	フーゴ|en=Hugo|ja=フーゴ	160
jenni	honzuki-no-gekokujou.yaml	イェンニ|en=Jenni|ja=イェンニ	160
johann	honzuki-no-gekokujou.yaml	ヨハン|en=Johann|ja=ヨハン	160
josef	honzuki-no-gekokujou.yaml	ヨゼフ|en=Josef|ja=ヨゼフ	160
justus	honzuki-no-gekokujou.yaml	ユストクス|en=Justus|ja=ユストクス	160
jutte	honzuki-no-gekokujou.yaml	ユッテ|en=Jutte|ja=ユッテ	160
karla	honzuki-no-gekokujou.yaml	カルラ|en=Karla|ja=カルラ	160
karstedt	honzuki-no-gekokujou.yaml	カルステッド|en=Karstedt|ja=カルステッド	160
lutz	honzuki-no-gekokujou.yaml	ルッツ|en=Lutz|ja=ルッツ	160
mark	honzuki-no-gekokujou.yaml	マルク|en=Mark|ja=マルク	160
myne	honzuki-no-gekokujou.yaml	マイン|en=Myne|ja=マイン	160
otto	honzuki-no-gekokujou.yaml	オットー|en=Otto|ja=オットー	160
ralph	honzuki-no-gekokujou.yaml	ラルフ|en=Ralph|ja=ラルフ	160
rico	honzuki-no-gekokujou.yaml	リコ|en=Rico|ja=リコ	160
rosina	honzuki-no-gekokujou.yaml	ロジーナ|en=Rosina|ja=ロジーナ	160
shikikoza	honzuki-no-gekokujou.yaml	シキコーザ|en=Shikikoza|ja=シキコーザ	160
sieg	honzuki-no-gekokujou.yaml	ジーく|en=Sieg|ja=ジーく	160
sylvester	honzuki-no-gekokujou.yaml	ジルヴェスター|en=Sylvester|ja=ジルヴェスター	160
tuuli	honzuki-no-gekokujou.yaml	トゥーリ|en=Tuuli|ja=トゥーリ	160
wilma	honzuki-no-gekokujou.yaml	ヴィルマ|en=Wilma|ja=ヴィルマ	160
wolf	honzuki-no-gekokujou.yaml	ヴォルフ|en=Wolf|ja=ヴォルフ	160
zasha	honzuki-no-gekokujou.yaml	ザシャ|en=Zasha|ja=ザシャ	160
arisa-konokura	ibitte-konai-gibo-to-gishi.yaml	鴻蔵ありさ|en=Arisa Kōnokura|ja=鴻蔵ありさ	170
koyuki-inari	ibitte-konai-gibo-to-gishi.yaml	稲荷小雪|en=Koyuki Inari|ja=稲荷小雪	170
marika-konokura	ibitte-konai-gibo-to-gishi.yaml	鴻蔵まりか|en=Marika Kōnokura|ja=鴻蔵まりか	170
mitsuya	ibitte-konai-gibo-to-gishi.yaml	三ツ矢|en=Mitsuya|ja=三ツ矢	170
miya-nakamura	ibitte-konai-gibo-to-gishi.yaml	中村美冶|en=Miya Nakamura|ja=中村美冶	170
nago	ibitte-konai-gibo-to-gishi.yaml	名護|en=Nago|ja=名護	170
riru-kazan	ibitte-konai-gibo-to-gishi.yaml	花山リル|en=Riru Kazan|ja=花山リル	170
teru-konokura	ibitte-konai-gibo-to-gishi.yaml	鴻蔵てる|en=Teru Kōnokura|ja=鴻蔵てる	170
ueki	ibitte-konai-gibo-to-gishi.yaml	植木|en=Ueki|ja=植木	170
yaeko-kozo	ibitte-konai-gibo-to-gishi.yaml	鴻蔵弥栄子|en=Yaeko Kōzō|ja=鴻蔵弥栄子	170
yasu-nakamura	ibitte-konai-gibo-to-gishi.yaml	中村ヤス|en=Yasu Nakamura|ja=中村ヤス	170
marika-suzuki	ichijouma-mankitsugurashi.yaml	鈴木万里花|en=Marika Suzuki|ja=鈴木万里花	171
meiko-morita	ichijouma-mankitsugurashi.yaml	森田芽衣子|en=Meiko Morita|ja=森田芽衣子	171
michika-narumi	ichijouma-mankitsugurashi.yaml	成海みちか|en=Michika Narumi|ja=成海みちか	171
neo-nakano	ichijouma-mankitsugurashi.yaml	中埜音緒|en=Neo Nakano|ja=中埜音緒	171
rie-amamiya	ichijouma-mankitsugurashi.yaml	天宮梨絵|en=Rie Amamiya|ja=天宮梨絵	171
hiraku-machio	isekai-nonbiri-nouka.yaml	街尾火楽|en=Hiraku Machio|ja=街尾火楽	179
ria	isekai-nonbiri-nouka.yaml	リア|en=Ria|ja=リア	179
ru	isekai-nonbiri-nouka.yaml	ルールーシー＝ルー|en=Ru|ja=ルールーシー＝ルー	179
tia	isekai-nonbiri-nouka.yaml	ティア|en=Tia|ja=ティア	179
aza-chobei	jigokuraku.yaml	亜左弔兵衛|en=Aza Chōbei|ja=亜左弔兵衛	188
aza-toma	jigokuraku.yaml	亜左桐馬|en=Aza Tōma|ja=亜左桐馬	188
gabimaru	jigokuraku.yaml	画眉丸|en=Gabimaru|ja=画眉丸	188
nurugai	jigokuraku.yaml	ヌルガイ|en=Nurugai|ja=ヌルガイ	188
tamiya-gantetsusai	jigokuraku.yaml	民谷巌鉄斎|en=Tamiya Gantetsusai|ja=民谷巌鉄斎	188
tokugawa-nariyoshi	jigokuraku.yaml	徳川斉慶|en=Tokugawa Nariyoshi|ja=徳川斉慶	188
yamada-asaemon-eizen	jigokuraku.yaml	山田浅ェ門衛善|en=Yamada Asaemon Eizen|ja=山田浅ェ門衛善	188
yamada-asaemon-fuchi	jigokuraku.yaml	山田浅ェ門付知|en=Yamada Asaemon Fuchi|ja=山田浅ェ門付知	188
yamada-asaemon-genji	jigokuraku.yaml	山田浅ェ門源嗣|en=Yamada Asaemon Genji|ja=山田浅ェ門源嗣	188
yamada-asaemon-kisho	jigokuraku.yaml	山田浅ェ門期聖|en=Yamada Asaemon Kishō|ja=山田浅ェ門期聖	188
yamada-asaemon-sagiri	jigokuraku.yaml	山田浅ェ門佐切|en=Yamada Asaemon Sagiri|ja=山田浅ェ門佐切	188
yamada-asaemon-senta	jigokuraku.yaml	山田浅ェ門仙汰|en=Yamada Asaemon Senta|ja=山田浅ェ門仙汰	188
yamada-asaemon-shion	jigokuraku.yaml	山田浅ェ門士遠|en=Yamada Asaemon Shion|ja=山田浅ェ門士遠	188
yamada-asaemon-tenza	jigokuraku.yaml	山田浅ェ門典坐|en=Yamada Asaemon Tenza|ja=山田浅ェ門典坐	188
yuzuriha	jigokuraku.yaml	杠|en=Yuzuriha|ja=杠	188
bertia-ibil-noches	jishou-akuyaku-reijou-na-konyakusha-no-kansatsu-kiroku.yaml	バーティア・イビル・ノーチェス|en=Bertia Ibil Noches|ja=バーティア・イビル・ノーチェス	192
cecil-glo-alphasta	jishou-akuyaku-reijou-na-konyakusha-no-kansatsu-kiroku.yaml	セシル・グロー・アルファスタ|en=Cecil Glo Alphasta|ja=セシル・グロー・アルファスタ	192
akari-nitta	jujutsu-kaisen.yaml	新田明|en=Akari Nitta|ja=新田明	194
aoi-todo	jujutsu-kaisen.yaml	東堂葵|en=Aoi Tōdō|ja=東堂葵	194
choso	jujutsu-kaisen.yaml	脹相|en=Choso|ja=脹相	194
eso	jujutsu-kaisen.yaml	壊相|en=Eso|ja=壊相	194
hanami	jujutsu-kaisen.yaml	花御|en=Hanami|ja=花御	194
haruta-shigemo	jujutsu-kaisen.yaml	重面春太|en=Haruta Shigemo|ja=重面春太	194
junpei-yoshino	jujutsu-kaisen.yaml	吉野順平|en=Junpei Yoshino|ja=吉野順平	194
juzo-kumiya	jujutsu-kaisen.yaml	組屋鞣造|en=Juzo Kumiya|ja=組屋鞣造	194
jogo	jujutsu-kaisen.yaml	漏瑚|en=Jōgo|ja=漏瑚	194
kasumi-miwa	jujutsu-kaisen.yaml	三輪霞|en=Kasumi Miwa|ja=三輪霞	194
kechizu	jujutsu-kaisen.yaml	血塗|en=Kechizu|ja=血塗	194
kento-nanami	jujutsu-kaisen.yaml	七海建人|en=Kento Nanami|ja=七海建人	194
kiyotaka-ijichi	jujutsu-kaisen.yaml	伊地知潔高|en=Kiyotaka Ijichi|ja=伊地知潔高	194
kokichi-muta	jujutsu-kaisen.yaml	与幸吉|en=Kōkichi Muta|ja=与幸吉	194
mahito	jujutsu-kaisen.yaml	真人|en=Mahito|ja=真人	194
mai-zen-in	jujutsu-kaisen.yaml	禪院真依|en=Mai Zen'in|ja=禪院真依	194
maki-zen-in	jujutsu-kaisen.yaml	禪院真希|en=Maki Zen'in|ja=禪院真希	194
masamichi-yaga	jujutsu-kaisen.yaml	夜蛾正道|en=Masamichi Yaga|ja=夜蛾正道	194
megumi-fushiguro	jujutsu-kaisen.yaml	伏黒恵|en=Megumi Fushiguro|ja=伏黒恵	194
mei-mei	jujutsu-kaisen.yaml	冥冥|en=Mei Mei|ja=冥冥	194
momo-nishimiya	jujutsu-kaisen.yaml	西宮桃|en=Momo Nishimiya|ja=西宮桃	194
naobito-zen-in	jujutsu-kaisen.yaml	禪院直毘人|en=Naobito Zen'in|ja=禪院直毘人	194
nobara-kugisaki	jujutsu-kaisen.yaml	釘崎野薔薇|en=Nobara Kugisaki|ja=釘崎野薔薇	194
noritoshi-kamo	jujutsu-kaisen.yaml	加茂憲紀|en=Noritoshi Kamo|ja=加茂憲紀	194
panda	jujutsu-kaisen.yaml	パンダ|en=Panda|ja=パンダ	194
riko-amanai	jujutsu-kaisen.yaml	天内理子|en=Riko Amanai|ja=天内理子	194
ryomen-sukuna	jujutsu-kaisen.yaml	両面宿儺|en=Ryomen Sukuna|ja=両面宿儺	194
satoru-gojo	jujutsu-kaisen.yaml	五条悟|en=Satoru Gojo|ja=五条悟	194
shoko-ieiri	jujutsu-kaisen.yaml	家入硝子|en=Shōko Ieiri|ja=家入硝子	194
suguru-geto	jujutsu-kaisen.yaml	夏油傑|en=Suguru Getō|ja=夏油傑	194
toge-inumaki	jujutsu-kaisen.yaml	狗巻棘|en=Toge Inumaki|ja=狗巻棘	194
toji-fushiguro	jujutsu-kaisen.yaml	伏黒甚爾|en=Toji Fushiguro|ja=伏黒甚爾	194
utahime-iori	jujutsu-kaisen.yaml	庵歌姫|en=Utahime Iori|ja=庵歌姫	194
yoshinobu-gakuganji	jujutsu-kaisen.yaml	楽巌寺嘉伸|en=Yoshinobu Gakuganji|ja=楽巌寺嘉伸	194
yuji-itadori	jujutsu-kaisen.yaml	虎杖悠仁|en=Yuji Itadori|ja=虎杖悠仁	194
yuta-okkotsu	jujutsu-kaisen.yaml	乙骨憂太|en=Yūta Okkotsu|ja=乙骨憂太	194
akane-yusa	kamiina-botan-yoeru-sugata-wa-yuri-no-hana.yaml	遊佐あかね|en=Akane Yusa|ja=遊佐あかね	205
botan-kamiina	kamiina-botan-yoeru-sugata-wa-yuri-no-hana.yaml	上伊那ぼたん|en=Botan Kamiina|ja=上伊那ぼたん	205
chang-chin-lan	kamiina-botan-yoeru-sugata-wa-yuri-no-hana.yaml	張景嵐|en=Chang Chin-lan|ja=張景嵐	205
ibuki-tonami	kamiina-botan-yoeru-sugata-wa-yuri-no-hana.yaml	砺波いぶき|en=Ibuki Tonami|ja=砺波いぶき	205
kanade-gujyo	kamiina-botan-yoeru-sugata-wa-yuri-no-hana.yaml	郡上かなで|en=Kanade Gujyo|ja=郡上かなで	205
yaeka-kitamori	kamiina-botan-yoeru-sugata-wa-yuri-no-hana.yaml	北杜やえか|en=Yaeka Kitamori|ja=北杜やえか	205
kanan-takakiyo	kanan-sama-wa-akumade-choroi.yaml	高潔カナン|en=Kanan Takakiyo|ja=高潔カナン	208
yoji-kyogi	kanan-sama-wa-akumade-choroi.yaml	供犠羊司|en=Yōji Kyōgi|ja=供犠羊司	208
chizuru-ichinose	kanojo-okarishimasu.yaml	一ノ瀬ちづる|en=Chizuru Ichinose|ja=一ノ瀬ちづる	211
kinoshita-kazuya	kanojo-okarishimasu.yaml	木ノ下和也|en=Kinoshita Kazuya|ja=木ノ下和也	211
mami-nanami	kanojo-okarishimasu.yaml	七海麻美|en=Mami Nanami|ja=七海麻美	211
sarashina-ruka	kanojo-okarishimasu.yaml	更科瑠夏|en=Sarashina Ruka|ja=更科瑠夏	211
sumi-sakurasawa	kanojo-okarishimasu.yaml	桜沢墨|en=Sumi Sakurasawa|ja=桜沢墨	211
aji	kirei-ni-shitemoraemasu-ka.yaml	安治|en=Aji|ja=安治	231
asami-yagara	kirei-ni-shitemoraemasu-ka.yaml	矢柄麻未|en=Asami Yagara|ja=矢柄麻未	231
kuriru-wakasagi	kirei-ni-shitemoraemasu-ka.yaml	鰙久里留|en=Kuriru Wakasagi|ja=鰙久里留	231
kyusho-ishimochi	kirei-ni-shitemoraemasu-ka.yaml	石持毬祥|en=Kyūshō Ishimochi|ja=石持毬祥	231
moruda-wakasagi	kirei-ni-shitemoraemasu-ka.yaml	鰙守大|en=Moruda Wakasagi|ja=鰙守大	231
nairo-katakuchi	kirei-ni-shitemoraemasu-ka.yaml	片口那色|en=Nairo Katakuchi|ja=片口那色	231
wakana-kinme	kirei-ni-shitemoraemasu-ka.yaml	金目綿花奈|en=Wakana Kinme|ja=金目綿花奈	231
akine-atagawa	koori-no-jouheki.yaml	熱川秋音|en=Akine Atagawa|ja=熱川秋音	242
koyuki-hikawa	koori-no-jouheki.yaml	氷川小雪|en=Koyuki Hikawa|ja=氷川小雪	242
miki-azumi	koori-no-jouheki.yaml	安曇美姫|en=Miki Azumi|ja=安曇美姫	242
minato-amamiya	koori-no-jouheki.yaml	雨宮湊|en=Minato Amamiya|ja=雨宮湊	242
momoka-kuriki	koori-no-jouheki.yaml	栗木桃香|en=Momoka Kuriki|ja=栗木桃香	242
tsubasa-igarashi	koori-no-jouheki.yaml	五十嵐翼|en=Tsubasa Igarashi|ja=五十嵐翼	242
tsukiko-shimojima	koori-no-jouheki.yaml	霜島月子|en=Tsukiko Shimojima|ja=霜島月子	242
yuki-azumi	koori-no-jouheki.yaml	安曇優希|en=Yūki Azumi|ja=安曇優希	242
yota-hino	koori-no-jouheki.yaml	日野陽太|en=Yōta Hino|ja=日野陽太	242
aria-aquarius	kuroneko-to-majo-no-kyoushitsu.yaml	アリア・アクエリアス|en=Aria Aquarius|ja=アリア・アクエリアス	249
astraea-libra	kuroneko-to-majo-no-kyoushitsu.yaml	アストレア・ライブラ|en=Astraea Libra|ja=アストレア・ライブラ	249
capella-capricorn	kuroneko-to-majo-no-kyoushitsu.yaml	カペラ・カプリコーン|en=Capella Capricorn|ja=カペラ・カプリコーン	249
castor-gemini	kuroneko-to-majo-no-kyoushitsu.yaml	カストル・ジェミニ|en=Castor Gemini|ja=カストル・ジェミニ	249
chiron-sagittarius-aldea	kuroneko-to-majo-no-kyoushitsu.yaml	キロン・サジタリアス・アラディア|en=Chiron Sagittarius Aldea|ja=キロン・サジタリアス・アラディア	249
claude-sirius	kuroneko-to-majo-no-kyoushitsu.yaml	クロード・シリウス|en=Claude Sirius|ja=クロード・シリウス	249
ewe-aries	kuroneko-to-majo-no-kyoushitsu.yaml	ユゥ・アリーズ|en=Ewe Aries|ja=ユゥ・アリーズ	249
hana-sasorijo	kuroneko-to-majo-no-kyoushitsu.yaml	ハナ・サソリジョウ|en=Hana Sasorijō|ja=ハナ・サソリジョウ	249
io-taurus	kuroneko-to-majo-no-kyoushitsu.yaml	イオ・トーラス|en=Io Taurus|ja=イオ・トーラス	249
leo-regulus	kuroneko-to-majo-no-kyoushitsu.yaml	レオ・レグルス|en=Leo Regulus|ja=レオ・レグルス	249
merrow-pisces	kuroneko-to-majo-no-kyoushitsu.yaml	メロウ・パイシーズ|en=Merrow Pisces|ja=メロウ・パイシーズ	249
pollux-gemini	kuroneko-to-majo-no-kyoushitsu.yaml	ポルックス・ジェミニ|en=Pollux Gemini|ja=ポルックス・ジェミニ	249
spica-virgo	kuroneko-to-majo-no-kyoushitsu.yaml	スピカ・ヴァルゴ|en=Spica Virgo|ja=スピカ・ヴァルゴ	249
tarf-cancer	kuroneko-to-majo-no-kyoushitsu.yaml	タルフ・キャンサー|en=Tarf Cancer|ja=タルフ・キャンサー	249
alice-asmodeus	mairimashita-iruma-kun.yaml	アスモデウス・アリス|en=Alice Asmodeus|ja=アスモデウス・アリス	268
allocer-schneider	mairimashita-iruma-kun.yaml	アロケル・シュナイダー|en=Allocer Schneider|ja=アロケル・シュナイダー	268
amaryllis-asmodeus	mairimashita-iruma-kun.yaml	アスモデウス・アムリリス|en=Amaryllis Asmodeus|ja=アスモデウス・アムリリス	268
amelie-azazel	mairimashita-iruma-kun.yaml	アザゼル・アメリ|en=Amelie Azazel|ja=アザゼル・アメリ	268
clara-valac	mairimashita-iruma-kun.yaml	ウァラク・クララ|en=Clara Valac|ja=ウァラク・クララ	268
elizabetta-ix	mairimashita-iruma-kun.yaml	イクス・エリザベッタ|en=Elizabetta Ix|ja=イクス・エリザベッタ	268
gaap-goemon	mairimashita-iruma-kun.yaml	ガープ・ゴエモン|en=Gaap Goemon|ja=ガープ・ゴエモン	268
henri-azazel	mairimashita-iruma-kun.yaml	アザゼル・アンリ|en=Henri Azazel|ja=アザゼル・アンリ	268
iruma-suzuki	mairimashita-iruma-kun.yaml	鈴木入間|en=Iruma Suzuki|ja=鈴木入間	268
jazz-m-andro	mairimashita-iruma-kun.yaml	アンドロ・M・ジャズ|en=Jazz M. Andro|ja=アンドロ・M・ジャズ	268
kalego-naberius	mairimashita-iruma-kun.yaml	ナベリウス・カルエゴ|en=Kalego Naberius|ja=ナベリウス・カルエゴ	268
kamui-caim	mairimashita-iruma-kun.yaml	カイム・カムイ|en=Kamui Caim|ja=カイム・カムイ	268
kerori-crocell	mairimashita-iruma-kun.yaml	クロケル・ケロリ|en=Kerori Crocell|ja=クロケル・ケロリ	268
kimaris-quichelight	mairimashita-iruma-kun.yaml	キマリス・キッシュライト|en=Kimaris Quichelight|ja=キマリス・キッシュライト	268
kirio-amy	mairimashita-iruma-kun.yaml	アミィ・キリヲ|en=Kirio Amy|ja=アミィ・キリヲ	268
lied-shax	mairimashita-iruma-kun.yaml	シャックス・リード|en=Lied Shax|ja=シャックス・リード	268
opera	mairimashita-iruma-kun.yaml	オペラ|en=Opera|ja=オペラ	268
picero-agares	mairimashita-iruma-kun.yaml	アガレス・ピケロ|en=Picero Agares|ja=アガレス・ピケロ	268
robin-bars	mairimashita-iruma-kun.yaml	バルス・ロビン|en=Robin Bars|ja=バルス・ロビン	268
sabro-sabnock	mairimashita-iruma-kun.yaml	サブノック・サブロ|en=Sabro Sabnock|ja=サブノック・サブロ	268
sullivan	mairimashita-iruma-kun.yaml	サリバン|en=Sullivan|ja=サリバン	268
zagan-johnny-western	mairimashita-iruma-kun.yaml	ザガン・ジョニー・ウエスタン|en=Zagan Johnny Western|ja=ザガン・ジョニー・ウエスタン	268
hikaru-gero	marriagetoxin.yaml	下呂ヒカル|en=Hikaru Gero|ja=下呂ヒカル	275
mei-kinosaki	marriagetoxin.yaml	城崎メイ|en=Mei Kinosaki|ja=城崎メイ	275
lilithea	mata-korosarete-shimatta-no-desu-ne-tantei-sama.yaml	リリテア|en=Lilithea|ja=リリテア	278
sakuya-outsuki	mata-korosarete-shimatta-no-desu-ne-tantei-sama.yaml	追月朔也|en=Sakuya Outsuki|ja=追月朔也	278
himari-azuma	mato-seihei-no-slave.yaml	東日万凛|en=Himari Azuma|ja=東日万凛	279
kyoka-uzen	mato-seihei-no-slave.yaml	羽前京香|en=Kyōka Uzen|ja=羽前京香	279
nei-okawamura	mato-seihei-no-slave.yaml	大河村寧|en=Nei Ōkawamura|ja=大河村寧	279
sahara-wakasa	mato-seihei-no-slave.yaml	若狭サハラ|en=Sahara Wakasa|ja=若狭サハラ	279
shushu-suruga	mato-seihei-no-slave.yaml	駿河朱々|en=Shushu Suruga|ja=駿河朱々	279
tenka-izumo	mato-seihei-no-slave.yaml	出雲天花|en=Tenka Izumo|ja=出雲天花	279
yachiho-azuma	mato-seihei-no-slave.yaml	東八千穂|en=Yachiho Azuma|ja=東八千穂	279
yuki-wakura	mato-seihei-no-slave.yaml	和倉優希|en=Yūki Wakura|ja=和倉優希	279
aiko	mayonaka-heart-tune.yaml	アイコ|en=Aiko|ja=アイコ	281
ao-momotose	mayonaka-heart-tune.yaml	百歳あお|en=Ao Momotose|ja=百歳あお	281
arisu-yamabuki	mayonaka-heart-tune.yaml	山吹有栖|en=Arisu Yamabuki|ja=山吹有栖	281
iko-kirino	mayonaka-heart-tune.yaml	霧乃イコ|en=Iko Kirino|ja=霧乃イコ	281
lemon-ando	mayonaka-heart-tune.yaml	安藤檸檬|en=Lemon Andō|ja=安藤檸檬	281
nene-himekawa	mayonaka-heart-tune.yaml	日芽川寧々|en=Nene Himekawa|ja=日芽川寧々	281
rikka-inohana	mayonaka-heart-tune.yaml	井ノ華六花|en=Rikka Inohana|ja=井ノ華六花	281
shinobu-uzuki	mayonaka-heart-tune.yaml	雨月しのぶ|en=Shinobu Uzuki|ja=雨月しのぶ	281
hikaru-kamisaki	medalist.yaml	狼嵜光|en=Hikaru Kamisaki|ja=狼嵜光	282
inori-yuitsuka	medalist.yaml	結束いのり|en=Inori Yuitsuka|ja=結束いのり	282
jun-yodaka	medalist.yaml	夜鷹純|en=Jun Yodaka|ja=夜鷹純	282
tsukasa-akeuraji	medalist.yaml	明浦路司|en=Tsukasa Akeuraji|ja=明浦路司	282
anna-akechi	meitantei-precure.yaml	明智あんな|en=Anna Akechi|ja=明智あんな	285
kurea-howa	meitantei-precure.yaml	帆羽くれあ|en=Kurea Howa|ja=帆羽くれあ	285
luluka-moria	meitantei-precure.yaml	森亜るるか|en=Luluka Moria|ja=森亜るるか	285
mikuru-kobayashi	meitantei-precure.yaml	小林みくる|en=Mikuru Kobayashi|ja=小林みくる	285
ai-hoshino	oshi-no-ko.yaml	星野アイ|en=Ai Hoshino|ja=星野アイ	338
akane-kurokawa	oshi-no-ko.yaml	黒川茜|en=Akane Kurokawa|ja=黒川茜	338
aquamarine-hoshino	oshi-no-ko.yaml	星野愛久愛海|en=Aquamarine Hoshino|ja=星野愛久愛海	338
gorou-amamiya	oshi-no-ko.yaml	雨宮吾郎|en=Gorou Amamiya|ja=雨宮吾郎	338
kana-arima	oshi-no-ko.yaml	有馬かな|en=Kana Arima|ja=有馬かな	338
mem-cho	oshi-no-ko.yaml	MEMちょ|en=MEM-cho|ja=MEMちょ	338
ruby-hoshino	oshi-no-ko.yaml	星野瑠美衣|en=Ruby Hoshino|ja=星野瑠美衣	338
ryosuke-kaihara	oshi-no-ko.yaml	貝原亮介|en=Ryōsuke Kaihara|ja=貝原亮介	338
sarina-tendouji	oshi-no-ko.yaml	天童寺さりな|en=Sarina Tendouji|ja=天童寺さりな	338
kei-amane	otaku-ni-yasashii-gal-wa-inai.yaml	天音慶|en=Kei Amane|ja=天音慶	342
kotoko-ijichi	otaku-ni-yasashii-gal-wa-inai.yaml	伊地知琴子|en=Kotoko Ijichi|ja=伊地知琴子	342
sayu-amamiya	otaku-ni-yasashii-gal-wa-inai.yaml	雨宮紗優|en=Sayu Amamiya|ja=雨宮紗優	342
takuya-seo	otaku-ni-yasashii-gal-wa-inai.yaml	瀬尾卓也|en=Takuya Seo|ja=瀬尾卓也	342
amane-fujimiya	otonari-no-tenshi-sama-ni-itsunomanika-dame-ningen-ni.yaml	藤宮周|en=Amane Fujimiya|ja=藤宮周	344
chitose-shirakawa	otonari-no-tenshi-sama-ni-itsunomanika-dame-ningen-ni.yaml	白河千歳|en=Chitose Shirakawa|ja=白河千歳	344
itsuki-akasawa	otonari-no-tenshi-sama-ni-itsunomanika-dame-ningen-ni.yaml	赤澤樹|en=Itsuki Akasawa|ja=赤澤樹	344
mahiru-shiina	otonari-no-tenshi-sama-ni-itsunomanika-dame-ningen-ni.yaml	椎名真昼|en=Mahiru Shiina|ja=椎名真昼	344
poem-kohinata	ponkotsu-fuuki-iin-to-skirt-take-ga-futekisetsu-na-jk-no.yaml	小日向微笑|en=Poem Kohinata|ja=小日向微笑	346
togo-sakuradaimon	ponkotsu-fuuki-iin-to-skirt-take-ga-futekisetsu-na-jk-no.yaml	桜大門統悟|en=Tōgo Sakuradaimon|ja=桜大門統悟	346
annerose-miload	re-zero-kara-hajimeru-isekai-seikatsu.yaml	アンネローゼ・ミロード|en=Annerose Miload|ja=アンネローゼ・ミロード	359
arch	re-zero-kara-hajimeru-isekai-seikatsu.yaml	アーチ|en=Arch|ja=アーチ	359
beatrice	re-zero-kara-hajimeru-isekai-seikatsu.yaml	ベアトリス|en=Beatrice|ja=ベアトリス	359
capella-emerada-lugunica	re-zero-kara-hajimeru-isekai-seikatsu.yaml	カペラ・エメラダ・ルグニカ|en=Capella Emerada Lugunica|ja=カペラ・エメラダ・ルグニカ	359
clind	re-zero-kara-hajimeru-isekai-seikatsu.yaml	クリンド|en=Clind|ja=クリンド	359
emilia	re-zero-kara-hajimeru-isekai-seikatsu.yaml	エミリア|en=Emilia|ja=エミリア	359
fortuna	re-zero-kara-hajimeru-isekai-seikatsu.yaml	フォルトナ|en=Fortuna|ja=フォルトナ	359
fred-thompson	re-zero-kara-hajimeru-isekai-seikatsu.yaml	フレド・トンプソン|en=Fred Thompson|ja=フレド・トンプソン	359
garek-thompson	re-zero-kara-hajimeru-isekai-seikatsu.yaml	ギャレク・トンプソン|en=Garek Thompson|ja=ギャレク・トンプソン	359
hector	re-zero-kara-hajimeru-isekai-seikatsu.yaml	ヘクトール|en=Hector|ja=ヘクトール	359
heinkel-astrea	re-zero-kara-hajimeru-isekai-seikatsu.yaml	ハインケル・アストレア|en=Heinkel Astrea|ja=ハインケル・アストレア	359
joshua-juukulius	re-zero-kara-hajimeru-isekai-seikatsu.yaml	ヨシュア・ユークリウス|en=Joshua Juukulius|ja=ヨシュア・ユークリウス	359
kiritaka-muse	re-zero-kara-hajimeru-isekai-seikatsu.yaml	キリタカ・ミューズ|en=Kiritaka Muse|ja=キリタカ・ミューズ	359
liliana-masquerade	re-zero-kara-hajimeru-isekai-seikatsu.yaml	リリアナ・マスカレード|en=Liliana Masquerade|ja=リリアナ・マスカレード	359
lusbel-kallard	re-zero-kara-hajimeru-isekai-seikatsu.yaml	ルスベル・カラード|en=Lusbel Kallard|ja=ルスベル・カラード	359
pandora	re-zero-kara-hajimeru-isekai-seikatsu.yaml	パンドラ|en=Pandora|ja=パンドラ	359
rafiel-thompson	re-zero-kara-hajimeru-isekai-seikatsu.yaml	ラフィール・トンプソン|en=Rafiel Thompson|ja=ラフィール・トンプソン	359
ram	re-zero-kara-hajimeru-isekai-seikatsu.yaml	ラム|en=Ram|ja=ラム	359
reala-thompson	re-zero-kara-hajimeru-isekai-seikatsu.yaml	リアラ・トンプソン|en=Reala Thompson|ja=リアラ・トンプソン	359
reid-astrea	re-zero-kara-hajimeru-isekai-seikatsu.yaml	レイド・アストレア|en=Reid Astrea|ja=レイド・アストレア	359
rem	re-zero-kara-hajimeru-isekai-seikatsu.yaml	レム|en=Rem|ja=レム	359
rui-arneb	re-zero-kara-hajimeru-isekai-seikatsu.yaml	ルイ・アルネブ|en=Rui Arneb|ja=ルイ・アルネブ	359
schult	re-zero-kara-hajimeru-isekai-seikatsu.yaml	シュルト|en=Schult|ja=シュルト	359
shaula	re-zero-kara-hajimeru-isekai-seikatsu.yaml	シャウラ|en=Shaula|ja=シャウラ	359
sirius-romanee-conti	re-zero-kara-hajimeru-isekai-seikatsu.yaml	シリウス・ロマネコンティ|en=Sirius Romanée-Conti|ja=シリウス・ロマネコンティ	359
subaru-natsuki	re-zero-kara-hajimeru-isekai-seikatsu.yaml	ナツキ・スバル|en=Subaru Natsuki|ja=ナツキ・スバル	359
sylphy	re-zero-kara-hajimeru-isekai-seikatsu.yaml	シルフィ|en=Sylphy|ja=シルフィ	359
tina	re-zero-kara-hajimeru-isekai-seikatsu.yaml	ティーナ|en=Tina|ja=ティーナ	359
maki-maehara	second-prettiest-girl-in-class.yaml	前原真樹|en=Maki Maehara|ja=前原真樹	378
nina-nitta	second-prettiest-girl-in-class.yaml	新田新奈|en=Nina Nitta|ja=新田新奈	378
umi-asanagi	second-prettiest-girl-in-class.yaml	朝凪海|en=Umi Asanagi|ja=朝凪海	378
yu-amami	second-prettiest-girl-in-class.yaml	天海夕|en=Yū Amami|ja=天海夕	378
aoi-sato	seihantai-na-kimi-to-boku.yaml	佐藤葵|en=Aoi Satō|ja=佐藤葵	379
kentaro-yamada	seihantai-na-kimi-to-boku.yaml	山田健太郎|en=Kentarō Yamada|ja=山田健太郎	379
manami-watanabe	seihantai-na-kimi-to-boku.yaml	渡辺真奈美|en=Manami Watanabe|ja=渡辺真奈美	379
miyu-suzuki	seihantai-na-kimi-to-boku.yaml	鈴木みゆ|en=Miyu Suzuki|ja=鈴木みゆ	379
natsumi-nishi	seihantai-na-kimi-to-boku.yaml	西奈津美|en=Natsumi Nishi|ja=西奈津美	379
rikako-honda	seihantai-na-kimi-to-boku.yaml	本田梨花子|en=Rikako Honda|ja=本田梨花子	379
shino-azuma	seihantai-na-kimi-to-boku.yaml	東紫乃|en=Shino Azuma|ja=東紫乃	379
shuji-taira	seihantai-na-kimi-to-boku.yaml	平秀司|en=Shūji Taira|ja=平秀司	379
yusuke-tani	seihantai-na-kimi-to-boku.yaml	谷悠介|en=Yūsuke Tani|ja=谷悠介	379
mitsumi-iwakura	skip-to-loafer.yaml	岩倉美津未|en=Mitsumi Iwakura|ja=岩倉美津未	401
aura	sousou-no-frieren.yaml	アウラ|en=Aura|ja=アウラ	408
blei	sousou-no-frieren.yaml	ブライ|en=Blei|ja=ブライ	408
dach	sousou-no-frieren.yaml	ダッハ|en=Dach|ja=ダッハ	408
denken	sousou-no-frieren.yaml	デンケン|en=Denken|ja=デンケン	408
draht	sousou-no-frieren.yaml	ドラート|en=Draht|ja=ドラート	408
dunste	sousou-no-frieren.yaml	ドゥンスト|en=Dünste|ja=ドゥンスト	408
edel	sousou-no-frieren.yaml	エーデル|en=Edel|ja=エーデル	408
ehre	sousou-no-frieren.yaml	エーレ|en=Ehre|ja=エーレ	408
eisen	sousou-no-frieren.yaml	アイゼン|en=Eisen|ja=アイゼン	408
falsch	sousou-no-frieren.yaml	ファルシュ|en=Falsch|ja=ファルシュ	408
fern	sousou-no-frieren.yaml	フェルン|en=Fern|ja=フェルン	408
flamme	sousou-no-frieren.yaml	フランメ|en=Flamme|ja=フランメ	408
frieren	sousou-no-frieren.yaml	フリーレン|en=Frieren|ja=フリーレン	408
gabel	sousou-no-frieren.yaml	ガーベル|en=Gabel|ja=ガーベル	408
genau	sousou-no-frieren.yaml	ゲナウ|en=Genau|ja=ゲナウ	408
gorilla	sousou-no-frieren.yaml	ゴリラ|en=Gorilla|ja=ゴリラ	408
granat	sousou-no-frieren.yaml	グラナト|en=Granat|ja=グラナト	408
heiter	sousou-no-frieren.yaml	ハイター|en=Heiter|ja=ハイター	408
hero-of-the-south	sousou-no-frieren.yaml	南の勇者|en=Hero of the South|ja=南の勇者	408
himmel	sousou-no-frieren.yaml	ヒンメル|en=Himmel|ja=ヒンメル	408
kanne	sousou-no-frieren.yaml	カンネ|en=Kanne|ja=カンネ	408
kraft	sousou-no-frieren.yaml	クラフト|en=Kraft|ja=クラフト	408
land	sousou-no-frieren.yaml	ラント|en=Land|ja=ラント	408
laufen	sousou-no-frieren.yaml	ラオフェン|en=Laufen|ja=ラオフェン	408
lawine	sousou-no-frieren.yaml	ラヴィーネ|en=Lawine|ja=ラヴィーネ	408
lernen	sousou-no-frieren.yaml	レルネン|en=Lernen|ja=レルネン	408
linie	sousou-no-frieren.yaml	リーニエ|en=Linie|ja=リーニエ	408
lange	sousou-no-frieren.yaml	レンゲ|en=Länge|ja=レンゲ	408
lugner	sousou-no-frieren.yaml	リュグナー|en=Lügner|ja=リュグナー	408
methode	sousou-no-frieren.yaml	メトーデ|en=Methode|ja=メトーデ	408
orden	sousou-no-frieren.yaml	オルデン|en=Orden|ja=オルデン	408
revolte	sousou-no-frieren.yaml	レヴォルテ|en=Revolte|ja=レヴォルテ	408
richter	sousou-no-frieren.yaml	リヒター|en=Richter|ja=リヒター	408
scharf	sousou-no-frieren.yaml	シャルフ|en=Scharf|ja=シャルフ	408
sein	sousou-no-frieren.yaml	ザイン|en=Sein|ja=ザイン	408
sense	sousou-no-frieren.yaml	ゼンゼ|en=Sense|ja=ゼンゼ	408
serie	sousou-no-frieren.yaml	ゼーリエ|en=Serie|ja=ゼーリエ	408
stark	sousou-no-frieren.yaml	シュタルク|en=Stark|ja=シュタルク	408
stoltz	sousou-no-frieren.yaml	シュトルツ|en=Stoltz|ja=シュトルツ	408
ton	sousou-no-frieren.yaml	トーン|en=Ton|ja=トーン	408
voll	sousou-no-frieren.yaml	フォル|en=Voll|ja=フォル	408
wirbel	sousou-no-frieren.yaml	ヴィアベル|en=Wirbel|ja=ヴィアベル	408
ubel	sousou-no-frieren.yaml	ユーベル|en=Übel|ja=ユーベル	408
mana	sousou-no-frieren.yaml	Mana|en=Mana	408
qual	sousou-no-frieren.yaml	クヴァール|en=Qual|ja=クヴァール	408
abiru	tensei-shitara-slime-datta-ken.yaml	アビル|en=Abiru|ja=アビル	429
adalman	tensei-shitara-slime-datta-ken.yaml	アダルマン|en=Adalman|ja=アダルマン	429
aegil	tensei-shitara-slime-datta-ken.yaml	エーギル|en=Aegil|ja=エーギル	429
agera	tensei-shitara-slime-datta-ken.yaml	アゲーラ|en=Agera|ja=アゲーラ	429
albis	tensei-shitara-slime-datta-ken.yaml	アルビス|en=Albis|ja=アルビス	429
alice-rondo	tensei-shitara-slime-datta-ken.yaml	アリス・ロンド|en=Alice Rondo|ja=アリス・ロンド	429
alrose	tensei-shitara-slime-datta-ken.yaml	アルロス|en=Alrose|ja=アルロス	429
anrietta	tensei-shitara-slime-datta-ken.yaml	アンリエッタ|en=Anrietta|ja=アンリエッタ	429
arnaud-bauman	tensei-shitara-slime-datta-ken.yaml	アルノー・バウマン|en=Arnaud Bauman|ja=アルノー・バウマン	429
ayn	tensei-shitara-slime-datta-ken.yaml	アイン|en=Ayn|ja=アイン	429
bacchus	tensei-shitara-slime-datta-ken.yaml	バッカス|en=Bacchus|ja=バッカス	429
benimaru	tensei-shitara-slime-datta-ken.yaml	紅丸|en=Benimaru|ja=紅丸	429
beretta	tensei-shitara-slime-datta-ken.yaml	ベレッタ|en=Beretta|ja=ベレッタ	429
bernie	tensei-shitara-slime-datta-ken.yaml	バーニィ|en=Bernie|ja=バーニィ	429
carrera	tensei-shitara-slime-datta-ken.yaml	カレラ|en=Carrera|ja=カレラ	429
carrion	tensei-shitara-slime-datta-ken.yaml	カリオン|en=Carrion|ja=カリオン	429
charys	tensei-shitara-slime-datta-ken.yaml	カリス|en=Charys|ja=カリス	429
chloe-aubert	tensei-shitara-slime-datta-ken.yaml	クロエ・オベール|en=Chloe Aubert|ja=クロエ・オベール	429
cien	tensei-shitara-slime-datta-ken.yaml	シエン|en=Cien|ja=シエン	429
clayman	tensei-shitara-slime-datta-ken.yaml	クレイマン|en=Clayman|ja=クレイマン	429
dagruel	tensei-shitara-slime-datta-ken.yaml	ダグリュール|en=Dagruel|ja=ダグリュール	429
dagura	tensei-shitara-slime-datta-ken.yaml	ダグラ|en=Dagura|ja=ダグラ	429
damrada	tensei-shitara-slime-datta-ken.yaml	ダムラダ|en=Damrada|ja=ダムラダ	429
debura	tensei-shitara-slime-datta-ken.yaml	デブラ|en=Debura|ja=デブラ	429
diablo	tensei-shitara-slime-datta-ken.yaml	ディアブロ|en=Diablo|ja=ディアブロ	429
dino	tensei-shitara-slime-datta-ken.yaml	ディーノ|en=Dino|ja=ディーノ	429
dord	tensei-shitara-slime-datta-ken.yaml	ドルド|en=Dord|ja=ドルド	429
doreth	tensei-shitara-slime-datta-ken.yaml	ドリス|en=Doreth|ja=ドリス	429
dorf	tensei-shitara-slime-datta-ken.yaml	ドルフ|en=Dorf|ja=ドルフ	429
drum-blumund	tensei-shitara-slime-datta-ken.yaml	ドラム・ブルムンド|en=Drum Blumund|ja=ドラム・ブルムンド	429
edgar	tensei-shitara-slime-datta-ken.yaml	エドガー|en=Edgar|ja=エドガー	429
edmaris-falmuth	tensei-shitara-slime-datta-ken.yaml	エドマリス・ファルムス|en=Edmaris Falmuth|ja=エドマリス・ファルムス	429
edward	tensei-shitara-slime-datta-ken.yaml	エドワルド|en=Edward|ja=エドワルド	429
elmesia-el-ru-sarion	tensei-shitara-slime-datta-ken.yaml	エルメシア・エル・リュ・サリオン|en=Elmesia El Ru Sarion|ja=エルメシア・エル・リュ・サリオン	429
elric-von-englassia	tensei-shitara-slime-datta-ken.yaml	エルリック・フォン・イングラシア|en=Elric von Englassia|ja=エルリック・フォン・イングラシア	429
erald-grimwald	tensei-shitara-slime-datta-ken.yaml	エラルド・グリムワルト|en=Erald Grimwald|ja=エラルド・グリムワルト	429
eren	tensei-shitara-slime-datta-ken.yaml	エレン|en=Eren|ja=エレン	429
esprit	tensei-shitara-slime-datta-ken.yaml	エスプリ|en=Esprit|ja=エスプリ	429
eva	tensei-shitara-slime-datta-ken.yaml	エヴァ|en=Eva|ja=エヴァ	429
folgen	tensei-shitara-slime-datta-ken.yaml	フォルゲン|en=Folgen|ja=フォルゲン	429
footman	tensei-shitara-slime-datta-ken.yaml	フットマン|en=Footman|ja=フットマン	429
frey	tensei-shitara-slime-datta-ken.yaml	フレイ|en=Frey|ja=フレイ	429
fritz	tensei-shitara-slime-datta-ken.yaml	フリッツ|en=Fritz|ja=フリッツ	429
fuze	tensei-shitara-slime-datta-ken.yaml	フューズ|en=Fuze|ja=フューズ	429
gaban	tensei-shitara-slime-datta-ken.yaml	ギャバン|en=Gaban|ja=ギャバン	429
gabiru	tensei-shitara-slime-datta-ken.yaml	ガビル|en=Gabiru|ja=ガビル	429
gaiye	tensei-shitara-slime-datta-ken.yaml	ガイ|en=Gaiye|ja=ガイ	429
gale-gibson	tensei-shitara-slime-datta-ken.yaml	ゲイル・ギブスン|en=Gale Gibson|ja=ゲイル・ギブスン	429
gard-mjollmile	tensei-shitara-slime-datta-ken.yaml	ガルド・ミョルマイル|en=Gard Mjöllmile|ja=ガルド・ミョルマイル	429
garde	tensei-shitara-slime-datta-ken.yaml	ギャルド|en=Garde|ja=ギャルド	429
garm	tensei-shitara-slime-datta-ken.yaml	ガルム|en=Garm|ja=ガルム	429
gazel-dwargo	tensei-shitara-slime-datta-ken.yaml	ガゼル・ドワルゴ|en=Gazel Dwargo|ja=ガゼル・ドワルゴ	429
geld	tensei-shitara-slime-datta-ken.yaml	ゲルド|en=Geld|ja=ゲルド	429
geld-i	tensei-shitara-slime-datta-ken.yaml	豚頭帝ゲルド|en=Geld I|ja=豚頭帝ゲルド	429
gelmud	tensei-shitara-slime-datta-ken.yaml	ゲルミュッド|en=Gelmud|ja=ゲルミュッド	429
gido	tensei-shitara-slime-datta-ken.yaml	ギド|en=Gido|ja=ギド	429
girard	tensei-shitara-slime-datta-ken.yaml	ジラード|en=Girard|ja=ジラード	429
glenda-attley	tensei-shitara-slime-datta-ken.yaml	グレンダ・アトリー|en=Glenda Attley|ja=グレンダ・アトリー	429
gob-emon	tensei-shitara-slime-datta-ken.yaml	ゴブエモン|en=Gob'emon|ja=ゴブエモン	429
gobkyu	tensei-shitara-slime-datta-ken.yaml	ゴブキュウ|en=Gobkyū|ja=ゴブキュウ	429
gobta	tensei-shitara-slime-datta-ken.yaml	ゴブタ|en=Gobta|ja=ゴブタ	429
gobwa	tensei-shitara-slime-datta-ken.yaml	ゴブア|en=Gobwa|ja=ゴブア	429
gobzo	tensei-shitara-slime-datta-ken.yaml	ゴブゾウ|en=Gobzo|ja=ゴブゾウ	429
gozul	tensei-shitara-slime-datta-ken.yaml	ゴズール|en=Gozul|ja=ゴズール	429
granbell-rosso	tensei-shitara-slime-datta-ken.yaml	グランベル・ロッゾ|en=Granbell Rosso|ja=グランベル・ロッゾ	429
grigori	tensei-shitara-slime-datta-ken.yaml	グレゴリー|en=Grigori|ja=グレゴリー	429
grucius	tensei-shitara-slime-datta-ken.yaml	グルーシス|en=Grucius|ja=グルーシス	429
gunther-strauss	tensei-shitara-slime-datta-ken.yaml	ギュンター・シュトラウス|en=Gunther Strauss|ja=ギュンター・シュトラウス	429
guy-crimson	tensei-shitara-slime-datta-ken.yaml	ギィ・クリムゾン|en=Guy Crimson|ja=ギィ・クリムゾン	429
hakurou	tensei-shitara-slime-datta-ken.yaml	白老|en=Hakurou|ja=白老	429
haruna	tensei-shitara-slime-datta-ken.yaml	ハルナ|en=Haruna|ja=ハルナ	429
hermes	tensei-shitara-slime-datta-ken.yaml	ヘルメス|en=Hermes|ja=ヘルメス	429
hinata-sakaguchi	tensei-shitara-slime-datta-ken.yaml	坂口日向|en=Hinata Sakaguchi|ja=坂口日向	429
jaine	tensei-shitara-slime-datta-ken.yaml	ジェーン|en=Jaine|ja=ジェーン	429
jinrai	tensei-shitara-slime-datta-ken.yaml	ジンライ|en=Jinrai|ja=ジンライ	429
jiwu	tensei-shitara-slime-datta-ken.yaml	ジウ|en=Jiwu|ja=ジウ	429
johann-rostia	tensei-shitara-slime-datta-ken.yaml	ヨハン・ロスティア|en=Johann Rostia|ja=ヨハン・ロスティア	429
kaede	tensei-shitara-slime-datta-ken.yaml	楓|en=Kaede|ja=楓	429
kagali	tensei-shitara-slime-datta-ken.yaml	カガリ|en=Kagali|ja=カガリ	429
kaijin	tensei-shitara-slime-datta-ken.yaml	カイジン|en=Kaijin|ja=カイジン	429
kaoru-yoshida	tensei-shitara-slime-datta-ken.yaml	吉田薫|en=Kaoru Yoshida|ja=吉田薫	429
kaval	tensei-shitara-slime-datta-ken.yaml	カバル|en=Kaval|ja=カバル	429
kenya-misaki	tensei-shitara-slime-datta-ken.yaml	三崎剣也|en=Kenya Misaki|ja=三崎剣也	429
kirara-mizutani	tensei-shitara-slime-datta-ken.yaml	キララ・ミズタニ|en=Kirara Mizutani|ja=キララ・ミズタニ	429
kumara	tensei-shitara-slime-datta-ken.yaml	九魔羅|en=Kumara|ja=九魔羅	429
kurobe	tensei-shitara-slime-datta-ken.yaml	黒兵衛|en=Kurobe|ja=黒兵衛	429
kyoya-tachibana	tensei-shitara-slime-datta-ken.yaml	キョウヤ・タチバナ|en=Kyōya Tachibana|ja=キョウヤ・タチバナ	429
laplace	tensei-shitara-slime-datta-ken.yaml	ラプラス|en=Laplace|ja=ラプラス	429
leon-cromwell	tensei-shitara-slime-datta-ken.yaml	レオン・クロムウェル|en=Leon Cromwell|ja=レオン・クロムウェル	429
leonard-jester	tensei-shitara-slime-datta-ken.yaml	レナード・ジェスター|en=Leonard Jester|ja=レナード・ジェスター	429
lester	tensei-shitara-slime-datta-ken.yaml	レスター|en=Lester|ja=レスター	429
litus	tensei-shitara-slime-datta-ken.yaml	リティス|en=Litus|ja=リティス	429
louis-valentine	tensei-shitara-slime-datta-ken.yaml	ルイ・ヴァレンタイン|en=Louis Valentine|ja=ルイ・ヴァレンタイン	429
luminous-valentine	tensei-shitara-slime-datta-ken.yaml	ルミナス・バレンタイン|en=Luminous Valentine|ja=ルミナス・バレンタイン	429
maribel-rosso	tensei-shitara-slime-datta-ken.yaml	マリアベル・ロッゾ|en=Maribel Rosso|ja=マリアベル・ロッゾ	429
masayuki-rudra-nam-ul-nasca	tensei-shitara-slime-datta-ken.yaml	マサユキ・ルドラ・ナム・ウル・ナスカ|en=Masayuki Rudra Nam Ul Nasca|ja=マサユキ・ルドラ・ナム・ウル・ナスカ	429
mezul	tensei-shitara-slime-datta-ken.yaml	メズール|en=Mezul|ja=メズール	429
middray	tensei-shitara-slime-datta-ken.yaml	ミッドレイ|en=Middray|ja=ミッドレイ	429
milim-nava	tensei-shitara-slime-datta-ken.yaml	ミリム・ナーヴァ|en=Milim Nava|ja=ミリム・ナーヴァ	429
misery	tensei-shitara-slime-datta-ken.yaml	ミザリー|en=Misery|ja=ミザリー	429
misha	tensei-shitara-slime-datta-ken.yaml	ミーシャ|en=Misha|ja=ミーシャ	429
mjurran	tensei-shitara-slime-datta-ken.yaml	ミュウラン|en=Mjurran|ja=ミュウラン	429
momiji	tensei-shitara-slime-datta-ken.yaml	紅葉|en=Momiji|ja=紅葉	429
moss	tensei-shitara-slime-datta-ken.yaml	モス|en=Moss|ja=モス	429
muese	tensei-shitara-slime-datta-ken.yaml	ミューゼ|en=Muese|ja=ミューゼ	429
myrd	tensei-shitara-slime-datta-ken.yaml	ミルド|en=Myrd|ja=ミルド	429
nikolaus-spertus	tensei-shitara-slime-datta-ken.yaml	ニコラウス・シュペルタス|en=Nikolaus Spertus|ja=ニコラウス・シュペルタス	429
phobio	tensei-shitara-slime-datta-ken.yaml	フォビオ|en=Phobio|ja=フォビオ	429
rain	tensei-shitara-slime-datta-ken.yaml	レイン|en=Rain|ja=レイン	429
ramiris	tensei-shitara-slime-datta-ken.yaml	ラミリス|en=Ramiris|ja=ラミリス	429
ranga	tensei-shitara-slime-datta-ken.yaml	嵐牙|en=Ranga|ja=嵐牙	429
raphael	tensei-shitara-slime-datta-ken.yaml	智慧之王|en=Raphael|ja=智慧之王	429
razen	tensei-shitara-slime-datta-ken.yaml	ラーゼン|en=Razen|ja=ラーゼン	429
reiner	tensei-shitara-slime-datta-ken.yaml	ライナー|en=Reiner|ja=ライナー	429
reyhiem	tensei-shitara-slime-datta-ken.yaml	レイヒム|en=Reyhiem|ja=レイヒム	429
rigur	tensei-shitara-slime-datta-ken.yaml	リグル|en=Rigur|ja=リグル	429
rigurd	tensei-shitara-slime-datta-ken.yaml	リグルド|en=Rigurd|ja=リグルド	429
rimuru-tempest	tensei-shitara-slime-datta-ken.yaml	リムル＝テンペスト|en=Rimuru Tempest|ja=リムル＝テンペスト	429
roy-valentine	tensei-shitara-slime-datta-ken.yaml	ロイ・ヴァレンタイン|en=Roy Valentine|ja=ロイ・ヴァレンタイン	429
ryota-sekiguchi	tensei-shitara-slime-datta-ken.yaml	関口良太|en=Ryota Sekiguchi|ja=関口良太	429
ryura	tensei-shitara-slime-datta-ken.yaml	リューラ|en=Ryura|ja=リューラ	429
saare	tensei-shitara-slime-datta-ken.yaml	サーレ|en=Saare|ja=サーレ	429
satoru-mikami	tensei-shitara-slime-datta-ken.yaml	三上悟|en=Satoru Mikami|ja=三上悟	429
shion	tensei-shitara-slime-datta-ken.yaml	紫苑|en=Shion|ja=紫苑	429
shizu	tensei-shitara-slime-datta-ken.yaml	シズ|en=Shizu|ja=シズ	429
shuna	tensei-shitara-slime-datta-ken.yaml	朱菜|en=Shuna|ja=朱菜	429
shogo-taguchi	tensei-shitara-slime-datta-ken.yaml	ショウゴ・タグチ|en=Shōgo Taguchi|ja=ショウゴ・タグチ	429
souei	tensei-shitara-slime-datta-ken.yaml	蒼影|en=Souei|ja=蒼影	429
souka	tensei-shitara-slime-datta-ken.yaml	蒼華|en=Souka|ja=蒼華	429
suphia	tensei-shitara-slime-datta-ken.yaml	スフィア|en=Suphia|ja=スフィア	429
tamura	tensei-shitara-slime-datta-ken.yaml	田村|en=Tamura|ja=田村	429
tear	tensei-shitara-slime-datta-ken.yaml	ティア|en=Tear|ja=ティア	429
testarossa	tensei-shitara-slime-datta-ken.yaml	テスタロッサ|en=Testarossa|ja=テスタロッサ	429
tiss	tensei-shitara-slime-datta-ken.yaml	ティス|en=Tiss|ja=ティス	429
treyni	tensei-shitara-slime-datta-ken.yaml	トレイニー|en=Treyni|ja=トレイニー	429
trya	tensei-shitara-slime-datta-ken.yaml	トライア|en=Trya|ja=トライア	429
ultima	tensei-shitara-slime-datta-ken.yaml	ウルティマ|en=Ultima|ja=ウルティマ	429
vaughn	tensei-shitara-slime-datta-ken.yaml	バーン|en=Vaughn|ja=バーン	429
veldora-tempest	tensei-shitara-slime-datta-ken.yaml	ヴェルドラ＝テンペスト|en=Veldora Tempest|ja=ヴェルドラ＝テンペスト	429
velzard	tensei-shitara-slime-datta-ken.yaml	ヴェルザード|en=Velzard|ja=ヴェルザード	429
venom	tensei-shitara-slime-datta-ken.yaml	ヴェノム|en=Venom|ja=ヴェノム	429
veryard	tensei-shitara-slime-datta-ken.yaml	ベルヤード|en=Veryard|ja=ベルヤード	429
vesta	tensei-shitara-slime-datta-ken.yaml	ベスター|en=Vesta|ja=ベスター	429
veyron	tensei-shitara-slime-datta-ken.yaml	ヴェイロン|en=Veyron|ja=ヴェイロン	429
yamza	tensei-shitara-slime-datta-ken.yaml	ヤムザ|en=Yamza|ja=ヤムザ	429
youm	tensei-shitara-slime-datta-ken.yaml	ヨウム|en=Youm|ja=ヨウム	429
yuuki-kagurazaka	tensei-shitara-slime-datta-ken.yaml	神楽坂優樹|en=Yuuki Kagurazaka|ja=神楽坂優樹	429
zonda	tensei-shitara-slime-datta-ken.yaml	ゾンダ|en=Zonda|ja=ゾンダ	429
apito	tensei-shitara-slime-datta-ken.yaml	アピト|en=Apito|ja=アピト	429
ririna	tensei-shitara-slime-datta-ken.yaml	リリナ|en=Ririna|ja=リリナ	429
takt	tensei-shitara-slime-datta-ken.yaml	タクト|en=Takt|ja=タクト	429
veldanava	tensei-shitara-slime-datta-ken.yaml	ヴェルダナーヴァ|en=Veldanava|ja=ヴェルダナーヴァ	429
zegion	tensei-shitara-slime-datta-ken.yaml	ゼギオン|en=Zegion|ja=ゼギオン	429
agott	tongari-boushi-no-atelier.yaml	アガット|en=Agott|ja=アガット	438
alaira	tongari-boushi-no-atelier.yaml	アライラ|en=Alaira|ja=アライラ	438
coco	tongari-boushi-no-atelier.yaml	ココ|en=Coco|ja=ココ	438
custas	tongari-boushi-no-atelier.yaml	クスタス|en=Custas|ja=クスタス	438
dagda	tongari-boushi-no-atelier.yaml	ダグダ|en=Dagda|ja=ダグダ	438
easthies	tongari-boushi-no-atelier.yaml	イースヒース|en=Easthies|ja=イースヒース	438
galga	tongari-boushi-no-atelier.yaml	ガルガ|en=Galga|ja=ガルガ	438
iguin	tongari-boushi-no-atelier.yaml	イグイーン|en=Iguin|ja=イグイーン	438
luluci	tongari-boushi-no-atelier.yaml	ルルシィ|en=Luluci|ja=ルルシィ	438
nolnoa	tongari-boushi-no-atelier.yaml	ノルノア|en=Nolnoa|ja=ノルノア	438
olruggio	tongari-boushi-no-atelier.yaml	オルーギオ|en=Olruggio|ja=オルーギオ	438
richeh	tongari-boushi-no-atelier.yaml	リチェ|en=Richeh|ja=リチェ	438
tartah	tongari-boushi-no-atelier.yaml	タータ|en=Tartah|ja=タータ	438
tetia	tongari-boushi-no-atelier.yaml	テティア|en=Tetia|ja=テティア	438
utowin	tongari-boushi-no-atelier.yaml	ウトウィン|en=Utowin|ja=ウトウィン	438
qifrey	tongari-boushi-no-atelier.yaml	キーフリー|en=Qifrey|ja=キーフリー	438
knives-millions	trigun-stampede.yaml	Knives Millions|en=Knives Millions	445
legato-bluesummers	trigun-stampede.yaml	レガート・ブルーサマーズ|en=Legato Bluesummers|ja=レガート・ブルーサマーズ	445
nicholas-d-wolfwood	trigun-stampede.yaml	ニコラス・D・ウルフウッド|en=Nicholas D. Wolfwood|ja=ニコラス・D・ウルフウッド	445
rem-saverem	trigun-stampede.yaml	レム・セイブレム|en=Rem Saverem|ja=レム・セイブレム	445
vash-the-stampede	trigun-stampede.yaml	ヴァッシュ・ザ・スタンピード|en=Vash the Stampede|ja=ヴァッシュ・ザ・スタンピード	445
all-might	vigilante-boku-no-hero-academia-illegals.yaml	オールマイト|en=All Might|ja=オールマイト	461
izuku-midoriya	vigilante-boku-no-hero-academia-illegals.yaml	緑谷出久|en=Izuku Midoriya|ja=緑谷出久	461
aaron-masterias-oldking	wistoria.yaml	アロン・マステリアス・オールドキング|en=Aaron Masterias Oldking|ja=アロン・マステリアス・オールドキング	470
brandtal-les-ailes	wistoria.yaml	ブランタール・レゼール|en=Brandtal les Ailes|ja=ブランタール・レゼール	470
caldron-anouve	wistoria.yaml	コルドロン・アヌーブ|en=Caldron Anouve|ja=コルドロン・アヌーブ	470
cariott-incindia-wiseman	wistoria.yaml	キャリオット・インスティア・ワイズマン|en=Cariott Incindia Wiseman|ja=キャリオット・インスティア・ワイズマン	470
cerridwen	wistoria.yaml	ケリドウェン|en=Cerridwen|ja=ケリドウェン	470
clairie-serah	wistoria.yaml	クレイルウィ・セラ|en=Clairie Serah|ja=クレイルウィ・セラ	470
colette-loire	wistoria.yaml	コレット・ロワール|en=Colette Loire|ja=コレット・ロワール	470
donan	wistoria.yaml	ドナン|en=Donan|ja=ドナン	470
edward-serfence	wistoria.yaml	エドワルド・セルフェンス|en=Edward Serfence|ja=エドワルド・セルフェンス	470
elfaria-albis-serfort	wistoria.yaml	エルファリア・アルヴィス・セルフォルト|en=Elfaria Albis Serfort|ja=エルファリア・アルヴィス・セルフォルト	470
eliza-nosferat	wistoria.yaml	エリザ・ノスフェラート|en=Eliza Nosferat|ja=エリザ・ノスフェラート	470
ellenor-ljos-alf	wistoria.yaml	エルノール・リヨス・アールヴ|en=Ellenor Ljos Alf|ja=エルノール・リヨス・アールヴ	470
emma-klever	wistoria.yaml	エマ・クレバー|en=Emma Klever|ja=エマ・クレバー	470
filvis-challia	wistoria.yaml	フイルヴイス・シヤリア|en=Filvis Challia|ja=フイルヴイス・シヤリア	470
finn	wistoria.yaml	フィン|en=Finn|ja=フィン	470
flip-marteau	wistoria.yaml	フリップ・マルトー|en=Flip Marteau|ja=フリップ・マルトー	470
gina	wistoria.yaml	ジーナ|en=Gina|ja=ジーナ	470
gordon-vally	wistoria.yaml	ゴードン・バレー|en=Gordon Vally|ja=ゴードン・バレー	470
guilford-zurgas	wistoria.yaml	ギルフォード・ズルガス|en=Guilford Zurgas|ja=ギルフォード・ズルガス	470
iris-x-stellamaris	wistoria.yaml	アイリス・X・ステラマリス|en=Iris X. Stellamaris|ja=アイリス・X・ステラマリス	470
jorua-moraine	wistoria.yaml	ジョルア・モレーン|en=Jorua Moraine|ja=ジョルア・モレーン	470
julius-reinberg	wistoria.yaml	ユリウス・レインバーグ|en=Julius Reinberg|ja=ユリウス・レインバーグ	470
kiki	wistoria.yaml	キキ|en=Kiki|ja=キキ	470
kreutz-harlon	wistoria.yaml	クロイツ・ハーロン|en=Kreutz Harlon|ja=クロイツ・ハーロン	470
lefiya-viridis	wistoria.yaml	レフィーヤ・ウィリディス|en=Lefiya Viridis|ja=レフィーヤ・ウィリディス	470
lihanna-owenzaus	wistoria.yaml	リアーナ・オーウェンザウス|en=Lihanna Owenzaus|ja=リアーナ・オーウェンザウス	470
logwell	wistoria.yaml	ログウェル|en=Logwell|ja=ログウェル	470
lyril-mars	wistoria.yaml	リリール・マース|en=Lyril Mars|ja=リリール・マース	470
marze	wistoria.yaml	マルゼ|en=Marze|ja=マルゼ	470
mike-maius	wistoria.yaml	マイク・マイウス|en=Mike Maius|ja=マイク・マイウス	470
palm-snoke	wistoria.yaml	パーム・スノック|en=Palm Snoke|ja=パーム・スノック	470
renaisse-arette	wistoria.yaml	ルナイス・アレート|en=Renaisse Arette|ja=ルナイス・アレート	470
rodge-holland	wistoria.yaml	ロッジ・ホランド|en=Rodge Holland|ja=ロッジ・ホランド	470
rose-prehnite	wistoria.yaml	ロゼ・プレナイト|en=Rose Prehnite|ja=ロゼ・プレナイト	470
rosti-nauman	wistoria.yaml	ロスティ・ナウマン|en=Rosti Nauman|ja=ロスティ・ナウマン	470
sarissa-alfeld	wistoria.yaml	サリサ・アルフェルト|en=Sarissa Alfeld|ja=サリサ・アルフェルト	470
sion-ulster	wistoria.yaml	シオン・アルスター|en=Sion Ulster|ja=シオン・アルスター	470
wignall-lindor	wistoria.yaml	グノール・リンドール|en=Wignall Lindor|ja=グノール・リンドール	470
will-serfort	wistoria.yaml	ウィル・セルフォルト|en=Will Serfort|ja=ウィル・セルフォルト	470
workner-norgram	wistoria.yaml	ワークナー・ノーグラム|en=Workner Norgram|ja=ワークナー・ノーグラム	470
zeo-thorzeus-reinbolt	wistoria.yaml	ゼオ・トルゼウス・ラインボルト|en=Zeo Thorzeus Reinbolt|ja=ゼオ・トルゼウス・ラインボルト	470
asa	yomi-no-tsugai.yaml	アサ|en=Asa|ja=アサ	482
dera	yomi-no-tsugai.yaml	デラ|en=Dera|ja=デラ	482
gabby	yomi-no-tsugai.yaml	ガブ|en=Gabby|ja=ガブ	482
left	yomi-no-tsugai.yaml	左|en=Left|ja=左	482
right	yomi-no-tsugai.yaml	右|en=Right|ja=右	482
yuru	yomi-no-tsugai.yaml	ユル|en=Yuru|ja=ユル	482
arisu-sakayanagi	youkoso-jitsuryoku-shijou-shugi-no-kyoushitsu-e.yaml	坂柳有栖|en=Arisu Sakayanagi|ja=坂柳有栖	485
honami-ichinose	youkoso-jitsuryoku-shijou-shugi-no-kyoushitsu-e.yaml	一之瀬帆波|en=Honami Ichinose|ja=一之瀬帆波	485
kakeru-ryuuen	youkoso-jitsuryoku-shijou-shugi-no-kyoushitsu-e.yaml	龍園翔|en=Kakeru Ryuuen|ja=龍園翔	485
kei-karuizawa	youkoso-jitsuryoku-shijou-shugi-no-kyoushitsu-e.yaml	軽井沢恵|en=Kei Karuizawa|ja=軽井沢恵	485
kikyou-kushida	youkoso-jitsuryoku-shijou-shugi-no-kyoushitsu-e.yaml	櫛田桔梗|en=Kikyou Kushida|ja=櫛田桔梗	485
kiyotaka-ayanokoji	youkoso-jitsuryoku-shijou-shugi-no-kyoushitsu-e.yaml	綾小路清隆|en=Kiyotaka Ayanokōji|ja=綾小路清隆	485
suzune-horikita	youkoso-jitsuryoku-shijou-shugi-no-kyoushitsu-e.yaml	堀北鈴音|en=Suzune Horikita|ja=堀北鈴音	485
akemi-abikura	yowayowa-sensei.yaml	阿比倉朱美|en=Akemi Abikura|ja=阿比倉朱美	488
akihito-abikura	yowayowa-sensei.yaml	阿比倉章人|en=Akihito Abikura|ja=阿比倉章人	488
hiyori-hiwamura	yowayowa-sensei.yaml	鶸村ひより|en=Hiyori Hiwamura|ja=鶸村ひより	488
kaya-kuguri	yowayowa-sensei.yaml	九栗香夜|en=Kaya Kuguri|ja=九栗香夜	488
mizuki-mukubayashi	yowayowa-sensei.yaml	椋林瑞希|en=Mizuki Mukubayashi|ja=椋林瑞希	488
yuki-yukishita	yowayowa-sensei.yaml	雪下祐樹|en=Yūki Yukishita|ja=雪下祐樹	488
asano-taiyo	yozakura-san-chi-no-daisakusen.yaml	朝野太陽|en=Asano Taiyō|ja=朝野太陽	489
yozakura-futaba	yozakura-san-chi-no-daisakusen.yaml	夜桜二刃|en=Yozakura Futaba|ja=夜桜二刃	489
yozakura-kengo	yozakura-san-chi-no-daisakusen.yaml	夜桜嫌五|en=Yozakura Kengo|ja=夜桜嫌五	489
yozakura-kyoichiro	yozakura-san-chi-no-daisakusen.yaml	夜桜凶一郎|en=Yozakura Kyōichirō|ja=夜桜凶一郎	489
yozakura-mutsumi	yozakura-san-chi-no-daisakusen.yaml	夜桜六美|en=Yozakura Mutsumi|ja=夜桜六美	489
yozakura-nanao	yozakura-san-chi-no-daisakusen.yaml	夜桜七悪|en=Yozakura Nanao|ja=夜桜七悪	489
yozakura-shinzo	yozakura-san-chi-no-daisakusen.yaml	夜桜辛三|en=Yozakura Shinzō|ja=夜桜辛三	489
yozakura-shion	yozakura-san-chi-no-daisakusen.yaml	夜桜四怨|en=Yozakura Shion|ja=夜桜四怨	489
dotta-luzulas	yuusha-kei-ni-shosu-choubatsu-yuusha-9004-tai-keimu-kiroku.yaml	ドッタ・ルズラス|en=Dotta Luzulas|ja=ドッタ・ルズラス	491
frenci-mastibolt	yuusha-kei-ni-shosu-choubatsu-yuusha-9004-tai-keimu-kiroku.yaml	フレンシィ・マスティボルト|en=Frenci Mastibolt|ja=フレンシィ・マスティボルト	491
jayce-partiract	yuusha-kei-ni-shosu-choubatsu-yuusha-9004-tai-keimu-kiroku.yaml	ジェイス・パーチラクト|en=Jayce Partiract|ja=ジェイス・パーチラクト	491
neely	yuusha-kei-ni-shosu-choubatsu-yuusha-9004-tai-keimu-kiroku.yaml	ニーリィ|en=Neely|ja=ニーリィ	491
norgalle-senridge	yuusha-kei-ni-shosu-choubatsu-yuusha-9004-tai-keimu-kiroku.yaml	ノルガユ・センリッジ|en=Norgalle Senridge|ja=ノルガユ・センリッジ	491
patausche-kivia	yuusha-kei-ni-shosu-choubatsu-yuusha-9004-tai-keimu-kiroku.yaml	パトーシェ・キヴィア|en=Patausche Kivia|ja=パトーシェ・キヴィア	491
rhyno	yuusha-kei-ni-shosu-choubatsu-yuusha-9004-tai-keimu-kiroku.yaml	ライノー|en=Rhyno|ja=ライノー	491
tatsuya	yuusha-kei-ni-shosu-choubatsu-yuusha-9004-tai-keimu-kiroku.yaml	タツヤ|en=Tatsuya|ja=タツヤ	491
teoritta	yuusha-kei-ni-shosu-choubatsu-yuusha-9004-tai-keimu-kiroku.yaml	テオリッタ|en=Teoritta|ja=テオリッタ	491
tsav	yuusha-kei-ni-shosu-choubatsu-yuusha-9004-tai-keimu-kiroku.yaml	ツァーヴ|en=Tsav|ja=ツァーヴ	491
venetim-leopool	yuusha-kei-ni-shosu-choubatsu-yuusha-9004-tai-keimu-kiroku.yaml	ベネティム・レオプール|en=Venetim Leopool|ja=ベネティム・レオプール	491
xylo-forbartz	yuusha-kei-ni-shosu-choubatsu-yuusha-9004-tai-keimu-kiroku.yaml	ザイロ・フォルバーツ|en=Xylo Forbartz|ja=ザイロ・フォルバーツ	491
aki-jogamine	yuusha-no-kuzu.yaml	城ヶ峰亜希|en=Aki Jōgamine|ja=城ヶ峰亜希	492
sara-kashiwagi-pendragon	yuusha-no-kuzu.yaml	セーラ・カシワギ・ペンドラゴン|en=Sara Kashiwagi Pendragon|ja=セーラ・カシワギ・ペンドラゴン	492
yashiro	yuusha-no-kuzu.yaml	ヤシロ|en=Yashiro|ja=ヤシロ	492
yukine-indo	yuusha-no-kuzu.yaml	印堂雪音|en=Yukine Indō|ja=印堂雪音	492
!staff	id	file	names	langs	anilist	anidb	tmdb	tvdb	wikidata
aaron-roberts	english-voice-actors.yaml	Aaron Roberts|en=Aaron Roberts	en					Q141031024
annie-wild	english-voice-actors.yaml	Annie Wild|en=Annie Wild	en					Q134440355
anthony-bowling	english-voice-actors.yaml	Anthony Bowling|en=Anthony Bowling	en					Q4772144
armen-taylor	english-voice-actors.yaml	Armen Taylor|en=Armen Taylor	en					Q107465292
bill-butts	english-voice-actors.yaml	Bill Butts|en=Bill Butts|ja=ビル・バッツ	en					Q120292547
brad-hawkins	english-voice-actors.yaml	Brad Hawkins|en=Brad Hawkins|ja=ブラッド・ホーキンス	en					Q13576980
brianna-knickerbocker	english-voice-actors.yaml	Brianna Knickerbocker|en=Brianna Knickerbocker|ja=ブリアナ・ニッカーボッカー	en					Q96675501
brook-chalmers	english-voice-actors.yaml	Brook Chalmers|en=Brook Chalmers	en					Q115625355
bryn-apprill	english-voice-actors.yaml	Bryn Apprill|en=Bryn Apprill|ja=ブライン・アップリル	en					Q20090133
chaney-moore	english-voice-actors.yaml	Chaney Moore|en=Chaney Moore	en					Q109734187
chris-hackney	english-voice-actors.yaml	Chris Hackney|en=Chris Hackney	en					Q134963135
chris-hutchison	english-voice-actors.yaml	Chris Hutchison|en=Chris Hutchison	en					Q5106962
christopher-wehkamp	english-voice-actors.yaml	Christopher Wehkamp|en=Christopher Wehkamp	en					Q19665600
colleen-clinkenbeard	english-voice-actors.yaml	Colleen Clinkenbeard|en=Colleen Clinkenbeard|ja=コリーン・クリンケンビアード	en					Q2017211
dallas-reid	english-voice-actors.yaml	Dallas Reid|en=Dallas Reid|ja=ダラス・リード	en					Q109051005
daman-mills	english-voice-actors.yaml	Daman Mills|en=Daman Mills|ja=ダマン・ミルズ	en					Q108171590
danielle-mcrae	english-voice-actors.yaml	Danielle McRae|en=Danielle McRae	en					Q109051030
erica-mendez	english-voice-actors.yaml	Erica Mendez|en=Erica Mendez|ja=エリカ・メンデス	en					Q5387900
erika-harlacher	english-voice-actors.yaml	Erika Harlacher|en=Erika Harlacher|ja=エリカ・ハーラーチャー	en					Q23879975
felecia-angelle	english-voice-actors.yaml	Felecia Angelle|en=Felecia Angelle	en					Q17305620
greg-ayres	english-voice-actors.yaml	Greg Ayres|en=Greg Ayres|ja=グレッグ・エアーズ	en					Q4721515
ian-sinclair	english-voice-actors.yaml	Ian Sinclair|en=Ian Sinclair|ja=イアン・シンクレア	en					Q5982914
j-michael-tatum	english-voice-actors.yaml	J. Michael Tatum|en=J. Michael Tatum	en					Q6106552
jamieson-price	english-voice-actors.yaml	Jamieson Price|en=Jamieson Price|ja=ジェイミーソン・プライス	en					Q6147699
jarrod-greene	english-voice-actors.yaml	Jarrod Greene|en=Jarrod Greene	en					Q108165637
jay-hickman	english-voice-actors.yaml	Jay Hickman|en=Jay Hickman|ja=ジェイ・ヒックマン	en					Q6166700
jeannie-tirado	english-voice-actors.yaml	Jeannie Tirado|en=Jeannie Tirado|ja=ジーニー・ティラド	en					Q80992320
jenny-yokobori	english-voice-actors.yaml	Jenny Yokobori|en=Jenny Yokobori|ja=ジェニー・ヨコボリ	en					Q104803374
jill-harris	english-voice-actors.yaml	Jill Harris|en=Jill Harris|ja=ジル・ハリス	en					Q109320298
joe-zieja	english-voice-actors.yaml	Joe Zieja|en=Joe Zieja|ja=ジョー・ジージャ	en					Q116868160
johnny-yong-bosch	english-voice-actors.yaml	Johnny Yong Bosch|en=Johnny Yong Bosch|ja=ジョニー・ヨング・ボッシュ	en					Q2468138
justin-briner	english-voice-actors.yaml	Justin Briner|en=Justin Briner	en					Q30610426
kaiji-tang	english-voice-actors.yaml	Kaiji Tang|en=Kaiji Tang|ja=カイジ・タン	en					Q15120664
kara-edwards	english-voice-actors.yaml	Kara Edwards|en=Kara Edwards	en					Q6367509
karan-ashley	english-voice-actors.yaml	Karan Ashley|en=Karan Ashley|ja=カラン・アシュレー	en					Q4354563
kari-wahlgren	english-voice-actors.yaml	Kari Wahlgren|en=Kari Wahlgren|ja=カリ・ウォールグレン	en					Q272919
kate-higgins	english-voice-actors.yaml	Kate Higgins|en=Kate Higgins|ja=ケイト・ヒギンス	en					Q2330871
kayli-mills	english-voice-actors.yaml	Kayli Mills|en=Kayli Mills|ja=ケイリー・ミルズ	en					Q104237996
laila-berzins	english-voice-actors.yaml	Laila Berzins|en=Laila Berzins|ja=ライラ・バーズィンズ	en					Q102427087
laura-stahl	english-voice-actors.yaml	Laura Stahl|en=Laura Stahl|ja=ラウラ・シュタール	en					Q106141965
liam-obrien	english-voice-actors.yaml	Liam O'Brien|en=Liam O'Brien|ja=リアム・オブライエン	en					Q908941
lisa-reimold	english-voice-actors.yaml	Lisa Reimold|en=Lisa Reimold|ja=リサ・レイモルド	en					Q109319643
lizzie-freeman	english-voice-actors.yaml	Lizzie Freeman|en=Lizzie Freeman|ja=リジー・フリーマン	en					Q108139170
luci-christian	english-voice-actors.yaml	Luci Christian|en=Luci Christian|ja=ルーシ・クリスチャン	en					Q4115622
maggie-flecknoe	english-voice-actors.yaml	Maggie Flecknoe|en=Maggie Flecknoe	en					Q6730229
margaret-mcdonald	english-voice-actors.yaml	Margaret McDonald|en=Margaret McDonald|ja=マーガレット・マクドナルド	en					Q16232274
marin-miller	english-voice-actors.yaml	Marin Miller|en=Marin Miller	en					Q6762255
mark-whitten	english-voice-actors.yaml	Mark Whitten|en=Mark Whitten|ja=マーク・ウィッテン	en					Q124217816
matthew-mercer	english-voice-actors.yaml	Matthew Mercer|en=Matthew Mercer|ja=マシュー・マーサー	en					Q6790967
mela-lee	english-voice-actors.yaml	Mela Lee|en=Mela Lee|ja=メラ・リー	en					Q750146
natalie-rial	english-voice-actors.yaml	Natalie Rial|en=Natalie Rial	en					Q109734195
paul-st-peter	english-voice-actors.yaml	Paul St. Peter|en=Paul St. Peter|ja=ポール・セント・ピーター	en					Q7153744
ray-chase	english-voice-actors.yaml	Ray Chase|en=Ray Chase|ja=レイ・チェイス	en					Q28974090
ray-hurd	english-voice-actors.yaml	Ray Hurd|en=Ray Hurd	en					Q141058249
reba-buhr	english-voice-actors.yaml	Reba Buhr|en=Reba Buhr|ja=リーバ・ビューア	en					Q71505927
ricco-fajardo	english-voice-actors.yaml	Ricco Fajardo|en=Ricco Fajardo	en					Q31213388
robert-mccollum	english-voice-actors.yaml	Robert McCollum|en=Robert McCollum|ja=ロバート・マッカラム	en					Q7347478
ryan-bartley	english-voice-actors.yaml	Ryan Bartley|en=Ryan Bartley	en					Q116709172
ryan-reynolds	english-voice-actors.yaml	Ryan Reynolds|en=Ryan Reynolds	en					Q108205165
sara-ragsdale	english-voice-actors.yaml	Sara Ragsdale|en=Sara Ragsdale	en					Q89436043
sarah-roach	english-voice-actors.yaml	Sarah Roach|en=Sarah Roach	en					Q141013989
sean-chiplock	english-voice-actors.yaml	Sean Chiplock|en=Sean Chiplock|ja=ショーン・チップロック	en					Q56787218
tyson-rinehart	english-voice-actors.yaml	Tyson Rinehart|en=Tyson Rinehart	en					Q141033441
xander-mobus	english-voice-actors.yaml	Xander Mobus|en=Xander Mobus|ja=ザンダー・モーブス	en					Q27681028
zach-aguilar	english-voice-actors.yaml	Zach Aguilar|en=Zach Aguilar|ja=ザック・アギラール	en					Q104760737
ayako-kawasumi	japanese-voice-actors.yaml	川澄綾子|en=Ayako Kawasumi|ja=川澄綾子	ja					Q49566
natsuki-hanae	japanese-voice-actors.yaml	花江夏樹|en=Natsuki Hanae|ja=花江夏樹	ja					Q2596113
ai-kakuma	japanese-voice-actors.yaml	加隈亜衣|en=Ai Kakuma|ja=加隈亜衣	ja					Q498632
aimi	japanese-voice-actors.yaml	愛美|en=Aimi|ja=愛美	ja					Q11457880
akane-kumada	japanese-voice-actors.yaml	熊田茜音|en=Akane Kumada|ja=熊田茜音	ja					Q59072330
akane-tomonaga	japanese-voice-actors.yaml	友永朱音|en=Akane Tomonaga|ja=友永朱音	ja					Q845936
akari-kito	japanese-voice-actors.yaml	鬼頭明里|en=Akari Kitō|ja=鬼頭明里	ja					Q20039636
akeno-watanabe	japanese-voice-actors.yaml	渡辺明乃|en=Akeno Watanabe|ja=渡辺明乃	ja					Q1323415
aki-toyosaki	japanese-voice-actors.yaml	豊崎愛生|en=Aki Toyosaki|ja=豊崎愛生	ja					Q242014
akio-otsuka	japanese-voice-actors.yaml	大塚明夫|en=Akio Ōtsuka|ja=大塚明夫	ja					Q418649
akira-ishida	japanese-voice-actors.yaml	石田彰|en=Akira Ishida|ja=石田彰	ja					Q418736
akira-sekine	japanese-voice-actors.yaml	関根明良|en=Akira Sekine|ja=関根明良	ja					Q17160276
ami-koshimizu	japanese-voice-actors.yaml	小清水亜美|en=Ami Koshimizu|ja=小清水亜美	ja					Q236715
anji-iwata	japanese-voice-actors.yaml	岩田アンジ|en=Anji Iwata|ja=岩田アンジ	ja					Q134508433
anna-nagase	japanese-voice-actors.yaml	永瀬アンナ|en=Anna Nagase|ja=永瀬アンナ	ja					Q108110143
anzu-haruno	japanese-voice-actors.yaml	春野杏|en=Anzu Haruno|ja=春野杏	ja					Q30922639
aoi-ichikawa	japanese-voice-actors.yaml	市川蒼|en=Aoi Ichikawa|ja=市川蒼	ja					Q48760762
aoi-inase	japanese-voice-actors.yaml	いなせあおい|en=Aoi Inase|ja=いなせあおい	ja					Q24874042
aoi-koga	japanese-voice-actors.yaml	古賀葵|en=Aoi Koga|ja=古賀葵	ja					Q26678197
aoi-yuki	japanese-voice-actors.yaml	悠木碧|en=Aoi Yūki|ja=悠木碧	ja					Q1347031
asami-seto	japanese-voice-actors.yaml	瀬戸麻沙美|en=Asami Seto|ja=瀬戸麻沙美	ja					Q4703774
asuka-nishi	japanese-voice-actors.yaml	西明日香|en=Asuka Nishi|ja=西明日香	ja					Q11485494
asuna-tomari	japanese-voice-actors.yaml	泊明日菜|en=Asuna Tomari|ja=泊明日菜	ja					Q26043249
atsuko-tanaka	japanese-voice-actors.yaml	田中敦子|en=Atsuko Tanaka|ja=田中敦子	ja					Q1208611
atsumi-tanezaki	japanese-voice-actors.yaml	種﨑敦美|en=Atsumi Tanezaki|ja=種﨑敦美	ja					Q3183413
atsushi-abe	japanese-voice-actors.yaml	阿部敦|en=Atsushi Abe|ja=阿部敦	ja					Q939679
atsushi-imaruoka	japanese-voice-actors.yaml	伊丸岡篤|en=Atsushi Imaruoka|ja=伊丸岡篤	ja					Q392207
atsushi-kosaka	japanese-voice-actors.yaml	髙坂篤志|en=Atsushi Kōsaka|ja=髙坂篤志	ja					Q6643546
atsushi-miyauchi	japanese-voice-actors.yaml	宮内敦士|en=Atsushi Miyauchi|ja=宮内敦士	ja					Q11453317
atsushi-ono	japanese-voice-actors.yaml	斧アツシ|en=Atsushi Ono|ja=斧アツシ	ja					Q11500800
atsushi-tamaru	japanese-voice-actors.yaml	田丸篤志|en=Atsushi Tamaru|ja=田丸篤志	ja					Q4896220
aya-endo	japanese-voice-actors.yaml	遠藤綾|en=Aya Endō|ja=遠藤綾	ja					Q1369247
aya-hisakawa	japanese-voice-actors.yaml	久川綾|en=Aya Hisakawa|ja=久川綾	ja					Q49573
aya-suzaki	japanese-voice-actors.yaml	洲崎綾|en=Aya Suzaki|ja=洲崎綾	ja					Q888218
aya-uchida	japanese-voice-actors.yaml	内田彩|en=Aya Uchida|ja=内田彩	ja					Q4822691
aya-yamane	japanese-voice-actors.yaml	山根綺|en=Aya Yamane|ja=山根綺	ja					Q57314549
ayaka-asai	japanese-voice-actors.yaml	朝井彩加|en=Ayaka Asai|ja=朝井彩加	ja					Q17685820
ayaka-nanase	japanese-voice-actors.yaml	七瀬彩夏|en=Ayaka Nanase|ja=七瀬彩夏	ja					Q22126767
ayaka-shimizu	japanese-voice-actors.yaml	清水彩香|en=Ayaka Shimizu|ja=清水彩香	ja					Q11254552
ayana-taketatsu	japanese-voice-actors.yaml	竹達彩奈|en=Ayana Taketatsu|ja=竹達彩奈	ja					Q1204576
ayano-shibuya	japanese-voice-actors.yaml	渋谷彩乃|en=Ayano Shibuya|ja=渋谷彩乃	ja					Q30924445
ayumu-asakura	japanese-voice-actors.yaml	浅倉歩|en=Ayumu Asakura|ja=浅倉歩	ja					Q6643543
ayumu-murase	japanese-voice-actors.yaml	村瀬歩|en=Ayumu Murase|ja=村瀬歩	ja					Q11523377
azumi-waki	japanese-voice-actors.yaml	和氣あず未|en=Azumi Waki|ja=和氣あず未	ja					Q23948485
azusa-tachibana	japanese-voice-actors.yaml	橘杏咲|en=Azusa Tachibana|ja=橘杏咲	ja					Q124943862
azusa-tadokoro	japanese-voice-actors.yaml	田所あずさ|en=Azusa Tadokoro|ja=田所あずさ	ja					Q247629
bin-shimada	japanese-voice-actors.yaml	島田敏|en=Bin Shimada|ja=島田敏	ja					Q1323728
chafurin	japanese-voice-actors.yaml	茶風林|en=Chafurin|ja=茶風林	ja					Q2714894
chiaki-kobayashi	japanese-voice-actors.yaml	小林千晃|en=Chiaki Kobayashi|ja=小林千晃	ja					Q56808711
chiharu-sawashiro	japanese-voice-actors.yaml	沢城千春|en=Chiharu Sawashiro|ja=沢城千春	ja					Q17159211
chika-anzai	japanese-voice-actors.yaml	安済知佳|en=Chika Anzai|ja=安済知佳	ja					Q11450941
chikahiro-kobayashi	japanese-voice-actors.yaml	小林親弘|en=Chikahiro Kobayashi|ja=小林親弘	ja					Q17158231
chinatsu-akasaki	japanese-voice-actors.yaml	赤﨑千夏|en=Chinatsu Akasaki|ja=赤﨑千夏	ja					Q5100189
chiyo-tomaru	japanese-voice-actors.yaml	都丸ちよ|en=Chiyo Tomaru|ja=都丸ちよ	ja					Q17161754
daiki-kobayashi	japanese-voice-actors.yaml	小林大紀|en=Daiki Kobayashi|ja=小林大紀	ja					Q24865397
daiki-yamashita	japanese-voice-actors.yaml	山下大輝|en=Daiki Yamashita|ja=山下大輝	ja					Q15975368
daisuke-namikawa	japanese-voice-actors.yaml	浪川大輔|en=Daisuke Namikawa|ja=浪川大輔	ja					Q1145291
daisuke-ono	japanese-voice-actors.yaml	小野大輔|en=Daisuke Ono|ja=小野大輔	ja					Q718358
daisuke-sakuma	japanese-voice-actors.yaml	佐久間大介|en=Daisuke Sakuma|ja=佐久間大介	ja					Q20040262
eiji-hanawa	japanese-voice-actors.yaml	花輪英司|en=Eiji Hanawa|ja=花輪英司	ja					Q11284088
eiji-takemoto	japanese-voice-actors.yaml	竹本英史|en=Eiji Takemoto|ja=竹本英史	ja					Q604099
eiko-yamada	japanese-voice-actors.yaml	山田栄子|en=Eiko Yamada|ja=山田栄子	ja					Q2706764
eri-yukimura	japanese-voice-actors.yaml	幸村恵理|en=Eri Yukimura|ja=幸村恵理	ja					Q59141816
fairouz-ai	japanese-voice-actors.yaml	ファイルーズあい|en=Fairouz Ai|ja=ファイルーズあい	ja					Q65600537
fuka-izumi	japanese-voice-actors.yaml	和泉風花|en=Fūka Izumi|ja=和泉風花	ja					Q71679217
fumiko-orikasa	japanese-voice-actors.yaml	折笠富美子|en=Fumiko Orikasa|ja=折笠富美子	ja					Q49547
fumiya-imai	japanese-voice-actors.yaml	今井文也|en=Fumiya Imai|ja=今井文也	ja					Q68185187
gakuto-kajiwara	japanese-voice-actors.yaml	梶原岳人|en=Gakuto Kajiwara|ja=梶原岳人	ja					Q45819909
gen-sato	japanese-voice-actors.yaml	佐藤元|en=Gen Satō|ja=佐藤元	ja					Q64782625
genki-muro	japanese-voice-actors.yaml	室元気|en=Genki Muro|ja=室元気	ja					Q11452982
genki-okawa	japanese-voice-actors.yaml	大河元気|en=Genki Ōkawa|ja=大河元気	ja					Q9125044
hajime-iijima	japanese-voice-actors.yaml	飯島肇|en=Hajime Iijima|ja=飯島肇	ja					Q5639967
hana-sato	japanese-voice-actors.yaml	佐藤はな|en=Hana Satō|ja=佐藤はな	ja					Q20040353
haruka-aikawa	japanese-voice-actors.yaml	相川遥花|en=Haruka Aikawa|ja=相川遥花	ja					Q117481662
haruka-shiraishi	japanese-voice-actors.yaml	白石晴香|en=Haruka Shiraishi|ja=白石晴香	ja					Q17993659
haruka-terui	japanese-voice-actors.yaml	照井春佳|en=Haruka Terui|ja=照井春佳	ja					Q11567752
haruka-tomatsu	japanese-voice-actors.yaml	戸松遥|en=Haruka Tomatsu|ja=戸松遥	ja					Q50025
haruki-ishiya	japanese-voice-actors.yaml	石谷春貴|en=Haruki Ishiya|ja=石谷春貴	ja					Q18335661
haruna-asami	japanese-voice-actors.yaml	浅見春那|en=Haruna Asami|ja=浅見春那	ja					Q98117540
hayato-fujii	japanese-voice-actors.yaml	藤井隼|en=Hayato Fujii|ja=藤井隼	ja					Q64782549
hibiku-yamamura	japanese-voice-actors.yaml	山村響|en=Hibiku Yamamura|ja=山村響	ja					Q11469493
hideo-ishikawa	japanese-voice-actors.yaml	石川英郎|en=Hideo Ishikawa|ja=石川英郎	ja					Q1204249
hika-tsukishiro	japanese-voice-actors.yaml	月城日花|en=Hika Tsukishiro|ja=月城日花	ja					Q85884118
hikari-senga	japanese-voice-actors.yaml	千賀光莉|en=Hikari Senga|ja=千賀光莉	ja					Q137534224
hina-suzuki	japanese-voice-actors.yaml	鈴木日菜|en=Hina Suzuki|ja=鈴木日菜	ja					Q137839052
hina-tachibana	japanese-voice-actors.yaml	立花日菜|en=Hina Tachibana|ja=立花日菜	ja					Q63050400
hiroki-tochi	japanese-voice-actors.yaml	東地宏樹|en=Hiroki Tōchi|ja=東地宏樹	ja					Q2704867
hiroki-yasumoto	japanese-voice-actors.yaml	安元洋貴|en=Hiroki Yasumoto|ja=安元洋貴	ja					Q1365535
hiromichi-tezuka	japanese-voice-actors.yaml	手塚ヒロミチ|en=Hiromichi Tezuka|ja=手塚ヒロミチ	ja					Q17161488
hiromu-mineta	japanese-voice-actors.yaml	峯田大夢|en=Hiromu Mineta|ja=峯田大夢	ja					Q68185038
hiroshi-izawa	japanese-voice-actors.yaml	伊沢弘|en=Hiroshi Izawa|ja=伊沢弘	ja					Q3546217
hiroshi-kamiya	japanese-voice-actors.yaml	神谷浩史|en=Hiroshi Kamiya|ja=神谷浩史	ja					Q1331936
hiroshi-naka	japanese-voice-actors.yaml	中博史|en=Hiroshi Naka|ja=中博史	ja					Q1060969
hiroshi-takemura	japanese-voice-actors.yaml	竹村拓|en=Hiroshi Takemura|ja=竹村拓	ja					Q4450268
hiroshi-yanaka	japanese-voice-actors.yaml	家中宏|en=Hiroshi Yanaka|ja=家中宏	ja					Q1000626
hisako-kanemoto	japanese-voice-actors.yaml	金元寿子|en=Hisako Kanemoto|ja=金元寿子	ja					Q50031
hisako-tojo	japanese-voice-actors.yaml	東城日沙子|en=Hisako Tōjō|ja=東城日沙子	ja					Q17220436
hisao-egawa	japanese-voice-actors.yaml	江川央生|en=Hisao Egawa|ja=江川央生	ja					Q1349299
hitomi-nabatame	japanese-voice-actors.yaml	生天目仁美|en=Hitomi Nabatame|ja=生天目仁美	ja					Q1142387
hiyori-kono	japanese-voice-actors.yaml	河野ひより|en=Hiyori Kono|ja=河野ひより	ja					Q43427019
hochu-otsuka	japanese-voice-actors.yaml	大塚芳忠|en=Hōchū Ōtsuka|ja=大塚芳忠	ja					Q520669
ikumi-hasegawa	japanese-voice-actors.yaml	長谷川育美|en=Ikumi Hasegawa|ja=長谷川育美	ja					Q48765485
inori-minase	japanese-voice-actors.yaml	水瀬いのり|en=Inori Minase|ja=水瀬いのり	ja					Q11548933
itaru-yamamoto	japanese-voice-actors.yaml	山本格|en=Itaru Yamamoto|ja=山本格	ja					Q11469140
jiro-saito	japanese-voice-actors.yaml	斉藤次郎|en=Jirō Saitō|ja=斉藤次郎	ja					Q11500307
joji-nakata	japanese-voice-actors.yaml	中田譲治|en=Jōji Nakata|ja=中田譲治	ja					Q1372791
jun-fukushima	japanese-voice-actors.yaml	福島潤|en=Jun Fukushima|ja=福島潤	ja					Q1826251
jun-fukuyama	japanese-voice-actors.yaml	福山潤|en=Jun Fukuyama|ja=福山潤	ja					Q441288
jun-ichi-kanemaru	japanese-voice-actors.yaml	金丸淳一|en=Jun'ichi Kanemaru|ja=金丸淳一	ja					Q1351561
jun-ichi-yanagita	japanese-voice-actors.yaml	柳田淳一|en=Jun'ichi Yanagita|ja=柳田淳一	ja					Q11534574
jun-kasama	japanese-voice-actors.yaml	笠間淳|en=Jun Kasama|ja=笠間淳	ja					Q27150536
junichi-suwabe	japanese-voice-actors.yaml	諏訪部順一|en=Junichi Suwabe|ja=諏訪部順一	ja					Q1331947
junya-enoki	japanese-voice-actors.yaml	榎木淳弥|en=Junya Enoki|ja=榎木淳弥	ja					Q16264591
juri-kimura	japanese-voice-actors.yaml	木村珠莉|en=Juri Kimura|ja=木村珠莉	ja					Q18048266
kaede-hondo	japanese-voice-actors.yaml	本渡楓|en=Kaede Hondo|ja=本渡楓	ja					Q22130427
kaho-koda	japanese-voice-actors.yaml	幸田夏穂|en=Kaho Kōda|ja=幸田夏穂	ja					Q6347112
kaito-ishikawa	japanese-voice-actors.yaml	石川界人|en=Kaito Ishikawa|ja=石川界人	ja					Q1964086
kakeru-hatano	japanese-voice-actors.yaml	波多野翔|en=Kakeru Hatano|ja=波多野翔	ja					Q118330668
kana-asumi	japanese-voice-actors.yaml	阿澄佳奈|en=Kana Asumi|ja=阿澄佳奈	ja					Q49474
kana-hanazawa	japanese-voice-actors.yaml	花澤香菜|en=Kana Hanazawa|ja=花澤香菜	ja					Q49524
kana-ichinose	japanese-voice-actors.yaml	市ノ瀬加那|en=Kana Ichinose|ja=市ノ瀬加那	ja					Q48761396
kana-ueda	japanese-voice-actors.yaml	植田佳奈|en=Kana Ueda|ja=植田佳奈	ja					Q1155353
kana-yuki	japanese-voice-actors.yaml	優木かな|en=Kana Yūki|ja=優木かな	ja					Q17225102
kanae-ito	japanese-voice-actors.yaml	伊藤かな恵|en=Kanae Itō|ja=伊藤かな恵	ja					Q50022
kanako-miyamoto	japanese-voice-actors.yaml	宮本佳那子|en=Kanako Miyamoto|ja=宮本佳那子	ja					Q7485228
kanehira-yamamoto	japanese-voice-actors.yaml	山本兼平|en=Kanehira Yamamoto|ja=山本兼平	ja					Q11468888
kanna-nakamura	japanese-voice-actors.yaml	‎中村カンナ|en=Kanna Nakamura|ja=‎中村カンナ	ja					Q109657760
kanon-takao	japanese-voice-actors.yaml	高尾奏音|en=Kanon Takao|ja=高尾奏音	ja					Q22124852
kaori-maeda	japanese-voice-actors.yaml	前田佳織里|en=Kaori Maeda|ja=前田佳織里	ja					Q41693141
kaoru-sakura	japanese-voice-actors.yaml	佐倉薫|en=Kaoru Sakura|ja=佐倉薫	ja					Q11383006
kappei-yamaguchi	japanese-voice-actors.yaml	山口勝平|en=Kappei Yamaguchi|ja=山口勝平	ja					Q355173
katsuyuki-konishi	japanese-voice-actors.yaml	小西克幸|en=Katsuyuki Konishi|ja=小西克幸	ja					Q725392
kazuhiko-inoue	japanese-voice-actors.yaml	井上和彦|en=Kazuhiko Inoue|ja=井上和彦	ja					Q225654
kazuhiro-nakaya	japanese-voice-actors.yaml	中谷一博|en=Kazuhiro Nakaya|ja=中谷一博	ja					Q11367121
kazuki-ogawa	japanese-voice-actors.yaml	小川一樹|en=Kazuki Ogawa|ja=小川一樹	ja					Q11460334
kazuki-ura	japanese-voice-actors.yaml	浦和希|en=Kazuki Ura|ja=浦和希	ja					Q81028715
kazuya-nakai	japanese-voice-actors.yaml	中井和哉|en=Kazuya Nakai|ja=中井和哉	ja					Q540366
kazuyuki-okitsu	japanese-voice-actors.yaml	興津和幸|en=Kazuyuki Okitsu|ja=興津和幸	ja					Q868226
ken-narita	japanese-voice-actors.yaml	成田剣|en=Ken Narita|ja=成田剣	ja					Q1317207
kengo-kawanishi	japanese-voice-actors.yaml	河西健吾|en=Kengo Kawanishi|ja=河西健吾	ja					Q11554087
kengo-takanashi	japanese-voice-actors.yaml	高梨謙吾|en=Kengo Takanashi|ja=高梨謙吾	ja					Q11670701
kenichi-ogata	japanese-voice-actors.yaml	緒方賢一|en=Kenichi Ogata|ja=緒方賢一	ja					Q2707888
kenji-hamada	japanese-voice-actors.yaml	浜田賢二|en=Kenji Hamada|ja=浜田賢二	ja					Q1076842
kenji-nojima	japanese-voice-actors.yaml	野島健児|en=Kenji Nojima|ja=野島健児	ja					Q1155778
kenji-nomura	japanese-voice-actors.yaml	乃村健次|en=Kenji Nomura|ja=乃村健次	ja					Q2705748
kenjiro-tsuda	japanese-voice-actors.yaml	津田健次郎|en=Kenjiro Tsuda|ja=津田健次郎	ja					Q1255370
kensho-ono	japanese-voice-actors.yaml	小野賢章|en=Kensho Ono|ja=小野賢章	ja					Q1139912
kensuke-shimizu	japanese-voice-actors.yaml	清水健佑|en=Kensuke Shimizu|ja=清水健佑	ja					Q88724202
kenta-miyake	japanese-voice-actors.yaml	三宅健太|en=Kenta Miyake|ja=三宅健太	ja					Q2779622
kento-ito	japanese-voice-actors.yaml	伊東健人|en=Kento Itō|ja=伊東健人	ja					Q16264168
kento-shiraishi	japanese-voice-actors.yaml	白石兼斗|en=Kento Shiraishi|ja=白石兼斗	ja					Q64782533
kenyu-horiuchi	japanese-voice-actors.yaml	堀内賢雄|en=Kenyu Horiuchi|ja=堀内賢雄	ja					Q1202136
kikuko-inoue	japanese-voice-actors.yaml	井上喜久子|en=Kikuko Inoue|ja=井上喜久子	ja					Q1154469
kikunosuke-toya	japanese-voice-actors.yaml	戸谷菊之介|en=Kikunosuke Toya|ja=戸谷菊之介	ja					Q113452137
kisho-taniyama	japanese-voice-actors.yaml	谷山紀章|en=Kishō Taniyama|ja=谷山紀章	ja					Q1142407
kiyono-yasuno	japanese-voice-actors.yaml	安野希世乃|en=Kiyono Yasuno|ja=安野希世乃	ja					Q11451654
kohei-amasaki	japanese-voice-actors.yaml	天﨑滉平|en=Kōhei Amasaki|ja=天﨑滉平	ja					Q20038507
koichi-soma	japanese-voice-actors.yaml	相馬康一|en=Kōichi Sōma|ja=相馬康一	ja					Q11582498
koji-okino	japanese-voice-actors.yaml	沖野晃司|en=Kōji Okino|ja=沖野晃司	ja					Q18383331
koji-takahashi	japanese-voice-actors.yaml	高橋孝治|en=Kōji Takahashi|ja=高橋孝治	ja					Q11671168
koji-totani	japanese-voice-actors.yaml	戸谷公次|en=Kōji Totani|ja=戸谷公次	ja					Q3045663
koji-yusa	japanese-voice-actors.yaml	遊佐浩二|en=Kōji Yusa|ja=遊佐浩二	ja					Q1351599
koki-osuzu	japanese-voice-actors.yaml	大鈴功起|en=Kōki Ōsuzu|ja=大鈴功起	ja					Q112239249
koki-uchiyama	japanese-voice-actors.yaml	内山昂輝|en=Kōki Uchiyama|ja=内山昂輝	ja					Q1320826
kokoro-omori	japanese-voice-actors.yaml	大森こころ|en=Kokoro Ōmori|ja=大森こころ	ja					Q135967744
konatsu-hirabayashi	japanese-voice-actors.yaml	平林瑚夏|en=Konatsu Hirabayashi|ja=平林瑚夏	ja					Q135922633
konomi-inagaki	japanese-voice-actors.yaml	稲垣好|en=Konomi Inagaki|ja=稲垣好	ja					Q112241886
konomi-kohara	japanese-voice-actors.yaml	小原好美|en=Konomi Kohara|ja=小原好美	ja					Q29350701
kosuke-katayama	japanese-voice-actors.yaml	片山公輔|en=Kosuke Katayama|ja=片山公輔	ja					Q79017539
kosuke-kobayashi	japanese-voice-actors.yaml	小林康介|en=Kōsuke Kobayashi|ja=小林康介	ja					Q11461582
kosuke-okano	japanese-voice-actors.yaml	岡野浩介|en=Kōsuke Okano|ja=岡野浩介	ja					Q1091562
kosuke-toriumi	japanese-voice-actors.yaml	鳥海浩輔|en=Kōsuke Toriumi|ja=鳥海浩輔	ja					Q1372804
kotaro-nishiyama	japanese-voice-actors.yaml	西山宏太朗|en=Kōtarō Nishiyama|ja=西山宏太朗	ja					Q17211665
kotono-mitsuishi	japanese-voice-actors.yaml	三石琴乃|en=Kotono Mitsuishi|ja=三石琴乃	ja					Q18735
kujira	japanese-voice-actors.yaml	くじら|en=Kujira|ja=くじら	ja					Q1186502
kurumi-haruki	japanese-voice-actors.yaml	陽木くるみ|en=Kurumi Haruki|ja=陽木くるみ	ja					Q138386666
kyo-yaoya	japanese-voice-actors.yaml	八百屋杏|en=Kyō Yaoya|ja=八百屋杏	ja					Q17220993
kyohei-natsume	japanese-voice-actors.yaml	夏目響平|en=Kyōhei Natsume|ja=夏目響平	ja					Q120908033
lynn	japanese-voice-actors.yaml	Lynn|en=Lynn|ja=Lynn	ja					Q22046619
maaya-sakamoto	japanese-voice-actors.yaml	坂本真綾|en=Maaya Sakamoto|ja=坂本真綾	ja					Q235216
maaya-uchida	japanese-voice-actors.yaml	内田真礼|en=Maaya Uchida|ja=内田真礼	ja					Q44552
madoka-asahina	japanese-voice-actors.yaml	朝日奈丸佳|en=Madoka Asahina|ja=朝日奈丸佳	ja					Q20038446
mai-kadowaki	japanese-voice-actors.yaml	門脇舞以|en=Mai Kadowaki|ja=門脇舞以	ja					Q1141935
mai-nakahara	japanese-voice-actors.yaml	中原麻衣|en=Mai Nakahara|ja=中原麻衣	ja					Q237361
maki-kawase	japanese-voice-actors.yaml	河瀬茉希|en=Maki Kawase|ja=河瀬茉希	ja					Q24867153
makoto-furukawa	japanese-voice-actors.yaml	古川慎|en=Makoto Furukawa|ja=古川慎	ja					Q11411149
makoto-koichi	japanese-voice-actors.yaml	小市眞琴|en=Makoto Koichi|ja=小市眞琴	ja					Q20039931
makoto-yasumura	japanese-voice-actors.yaml	保村真|en=Makoto Yasumura|ja=保村真	ja					Q850865
mami	japanese-voice-actors.yaml	摩味|en=Mami|ja=摩味	ja					Q3284992
manaka-iwami	japanese-voice-actors.yaml	石見舞菜香|en=Manaka Iwami|ja=石見舞菜香	ja					Q29479266
manami-numakura	japanese-voice-actors.yaml	沼倉愛美|en=Manami Numakura|ja=沼倉愛美	ja					Q3844242
mao-ichimichi	japanese-voice-actors.yaml	市道真央|en=Mao Ichimichi|ja=市道真央	ja					Q1186964
mari-hino	japanese-voice-actors.yaml	日野まり|en=Mari Hino|ja=日野まり	ja					Q11510537
mari-yokoo	japanese-voice-actors.yaml	横尾まり|en=Mari Yokoo|ja=横尾まり	ja					Q11542438
marie-miyake	japanese-voice-actors.yaml	三宅麻理恵|en=Marie Miyake|ja=三宅麻理恵	ja					Q6127820
marie-oi	japanese-voice-actors.yaml	大井麻利衣|en=Marie Ōi|ja=大井麻利衣	ja					Q11432243
marika-kono	japanese-voice-actors.yaml	高野麻里佳|en=Marika Kōno|ja=高野麻里佳	ja					Q17130365
mariko-higashiuchi	japanese-voice-actors.yaml	東内マリ子|en=Mariko Higashiuchi|ja=東内マリ子	ja					Q17223258
marina-inoue	japanese-voice-actors.yaml	井上麻里奈|en=Marina Inoue|ja=井上麻里奈	ja					Q1329906
mariya-ise	japanese-voice-actors.yaml	伊瀬茉莉也|en=Mariya Ise|ja=伊瀬茉莉也	ja					Q1333938
masaaki-mizunaka	japanese-voice-actors.yaml	水中雅章|en=Masaaki Mizunaka|ja=水中雅章	ja					Q27917957
masafumi-kobatake	japanese-voice-actors.yaml	こばたけまさふみ|en=Masafumi Kobatake|ja=こばたけまさふみ	ja					Q22125368
masashi-nogawa	japanese-voice-actors.yaml	野川雅史|en=Masashi Nogawa|ja=野川雅史	ja					Q11645437
masashi-yamane	japanese-voice-actors.yaml	山根雅史|en=Masashi Yamane|ja=山根雅史	ja					Q64782567
mayu-iizuka	japanese-voice-actors.yaml	飯塚麻結|en=Mayu Iizuka|ja=飯塚麻結	ja					Q18700531
mayu-minami	japanese-voice-actors.yaml	南真由|en=Mayu Minami|ja=南真由	ja					Q40034390
mayumi-sho	japanese-voice-actors.yaml	荘真由美|en=Mayumi Shō|ja=荘真由美	ja					Q3031438
megumi-han	japanese-voice-actors.yaml	潘めぐみ|en=Megumi Han|ja=潘めぐみ	ja					Q8966502
megumi-nakajima	japanese-voice-actors.yaml	中島愛|en=Megumi Nakajima|ja=中島愛	ja					Q271869
megumi-ogata	japanese-voice-actors.yaml	緒方恵美|en=Megumi Ogata|ja=緒方恵美	ja					Q254368
megumi-toyoguchi	japanese-voice-actors.yaml	豊口めぐみ|en=Megumi Toyoguchi|ja=豊口めぐみ	ja					Q864846
miho-okasaki	japanese-voice-actors.yaml	岡咲美保|en=Miho Okasaki|ja=岡咲美保	ja					Q51676463
miho-wataya	japanese-voice-actors.yaml	渡谷美帆|en=Miho Wataya|ja=渡谷美帆	ja					Q28691932
mikako-komatsu	japanese-voice-actors.yaml	小松未可子|en=Mikako Komatsu|ja=小松未可子	ja					Q1593184
miki-ito	japanese-voice-actors.yaml	伊藤美紀|en=Miki Itō|ja=伊藤美紀	ja					Q1323148
miku-ito	japanese-voice-actors.yaml	伊藤美来|en=Miku Itō|ja=伊藤美来	ja					Q16264202
minako-kotobuki	japanese-voice-actors.yaml	寿美菜子|en=Minako Kotobuki|ja=寿美菜子	ja					Q50029
minori-suzuki	japanese-voice-actors.yaml	鈴木みのり|en=Minori Suzuki|ja=鈴木みのり	ja					Q22129371
misaki-kuno	japanese-voice-actors.yaml	久野美咲|en=Misaki Kuno|ja=久野美咲	ja					Q11369771
misato-matsuoka	japanese-voice-actors.yaml	松岡美里|en=Misato Matsuoka|ja=松岡美里	ja					Q76283342
mitsuaki-hoshino	japanese-voice-actors.yaml	星野充昭|en=Mitsuaki Hoshino|ja=星野充昭	ja					Q305023
mitsuki-saiga	japanese-voice-actors.yaml	斎賀みつき|en=Mitsuki Saiga|ja=斎賀みつき	ja					Q1371697
mitsuo-iwata	japanese-voice-actors.yaml	岩田光央|en=Mitsuo Iwata|ja=岩田光央	ja					Q1142399
miyari-nemoto	japanese-voice-actors.yaml	根本京里|en=Miyari Nemoto|ja=根本京里	ja					Q81968067
miyu-tomita	japanese-voice-actors.yaml	富田美憂|en=Miyu Tomita|ja=富田美憂	ja					Q22131362
miyuki-sakurai	japanese-voice-actors.yaml	櫻井みゆき|en=Miyuki Sakurai|ja=櫻井みゆき	ja					Q121323857
miyuri-shimabukuro	japanese-voice-actors.yaml	島袋美由利|en=Miyuri Shimabukuro|ja=島袋美由利	ja					Q54370392
moe-kahara	japanese-voice-actors.yaml	佳原萌枝|en=Moe Kahara|ja=佳原萌枝	ja					Q106479481
momo-harumi	japanese-voice-actors.yaml	春海百乃|en=Momo Harumi|ja=春海百乃	ja					Q133282695
momoka-terasawa	japanese-voice-actors.yaml	寺澤百花|en=Momoka Terasawa|ja=寺澤百花	ja					Q121323859
momoko-seto	japanese-voice-actors.yaml	瀬戸桃子|en=Momoko Seto|ja=瀬戸桃子	ja					Q119453910
mugihito	japanese-voice-actors.yaml	麦人|en=Mugihito|ja=麦人	ja					Q2462286
mutsumi-tamura	japanese-voice-actors.yaml	田村睦心|en=Mutsumi Tamura|ja=田村睦心	ja					Q6132945
nagisa-maruyama	japanese-voice-actors.yaml	丸山なぎ沙|en=Nagisa Maruyama|ja=丸山なぎ沙	ja					Q139917213
nao-toyama	japanese-voice-actors.yaml	東山奈央|en=Nao Tōyama|ja=東山奈央	ja					Q865906
naoya-nosaka	japanese-voice-actors.yaml	野坂尚也|en=Naoya Nosaka|ja=野坂尚也	ja					Q11645275
natsumi-haruse	japanese-voice-actors.yaml	春瀬なつみ|en=Natsumi Haruse|ja=春瀬なつみ	ja					Q24875141
natsumi-kawaida	japanese-voice-actors.yaml	川井田夏海|en=Natsumi Kawaida|ja=川井田夏海	ja					Q60986805
nene-hieda	japanese-voice-actors.yaml	稗田寧々|en=Nene Hieda|ja=稗田寧々	ja					Q48763264
nobuhiko-okamoto	japanese-voice-actors.yaml	岡本信彦|en=Nobuhiko Okamoto|ja=岡本信彦	ja					Q1345336
nobunaga-shimazaki	japanese-voice-actors.yaml	島﨑信長|en=Nobunaga Shimazaki|ja=島﨑信長	ja					Q5968283
nobutoshi-canna	japanese-voice-actors.yaml	神奈延年|en=Nobutoshi Canna|ja=神奈延年	ja					Q960528
nobuyuki-hiyama	japanese-voice-actors.yaml	檜山修之|en=Nobuyuki Hiyama|ja=檜山修之	ja					Q2273472
noriaki-sugiyama	japanese-voice-actors.yaml	杉山紀彰|en=Noriaki Sugiyama|ja=杉山紀彰	ja					Q1152539
noriko-uemura	japanese-voice-actors.yaml	上村典子|en=Noriko Uemura|ja=上村典子	ja					Q7051287
rebecca-danae	japanese-voice-actors.yaml	Rebecca Danae|en=Rebecca Danae	ja					Q139576178
reiji-kawashima	japanese-voice-actors.yaml	川島零士|en=Reiji Kawashima|ja=川島零士	ja					Q96716618
reiko-suzuki	japanese-voice-actors.yaml	鈴木れい子|en=Reiko Suzuki|ja=鈴木れい子	ja					Q1067536
reina-kondo	japanese-voice-actors.yaml	近藤玲奈|en=Reina Kondō|ja=近藤玲奈	ja					Q27151126
reina-ueda	japanese-voice-actors.yaml	上田麗奈|en=Reina Ueda|ja=上田麗奈	ja					Q16264425
rena-hasegawa	japanese-voice-actors.yaml	長谷川玲奈|en=Rena Hasegawa|ja=長谷川玲奈	ja					Q59134513
rena-motomura	japanese-voice-actors.yaml	本村玲奈|en=Rena Motomura|ja=本村玲奈	ja					Q130396708
rie-kugimiya	japanese-voice-actors.yaml	釘宮理恵|en=Rie Kugimiya|ja=釘宮理恵	ja					Q49554
rie-murakawa	japanese-voice-actors.yaml	村川梨衣|en=Rie Murakawa|ja=村川梨衣	ja					Q2811985
rie-takahashi	japanese-voice-actors.yaml	高橋李依|en=Rie Takahashi|ja=高橋李依	ja					Q17160610
rie-tanaka	japanese-voice-actors.yaml	田中理恵|en=Rie Tanaka|ja=田中理恵	ja					Q237371
riho-sugiyama	japanese-voice-actors.yaml	杉山里穂|en=Riho Sugiyama|ja=杉山里穂	ja					Q62085447
rika-kinugawa	japanese-voice-actors.yaml	衣川里佳|en=Rika Kinugawa|ja=衣川里佳	ja					Q23948927
rikiya-koyama	japanese-voice-actors.yaml	小山力也|en=Rikiya Koyama|ja=小山力也	ja					Q1204898
riko-akechi	japanese-voice-actors.yaml	明智璃子|en=Riko Akechi|ja=明智璃子	ja					Q136799851
rikuya-yasuda	japanese-voice-actors.yaml	安田陸矢|en=Rikuya Yasuda|ja=安田陸矢	ja					Q55535277
rina-hidaka	japanese-voice-actors.yaml	日高里菜|en=Rina Hidaka|ja=日高里菜	ja					Q152707
rumi-okubo	japanese-voice-actors.yaml	大久保瑠美|en=Rumi Ōkubo|ja=大久保瑠美	ja					Q902038
ryo-sugisaki	japanese-voice-actors.yaml	杉崎亮|en=Ryō Sugisaki|ja=杉崎亮	ja					Q11521986
ryohei-arai	japanese-voice-actors.yaml	新井良平|en=Ryōhei Arai|ja=新井良平	ja					Q19726283
ryohei-kimura	japanese-voice-actors.yaml	木村良平|en=Ryōhei Kimura|ja=木村良平	ja					Q1138419
ryota-osaka	japanese-voice-actors.yaml	逢坂良太|en=Ryōta Ōsaka|ja=逢坂良太	ja					Q9351342
ryota-suzuki	japanese-voice-actors.yaml	鈴木崚汰|en=Ryōta Suzuki|ja=鈴木崚汰	ja					Q38276919
ryotaro-okiayu	japanese-voice-actors.yaml	置鮎龍太郎|en=Ryōtarō Okiayu|ja=置鮎龍太郎	ja					Q1199055
ryuho-nagaoka	japanese-voice-actors.yaml	長岡龍歩|en=Ryūho Nagaoka|ja=長岡龍歩	ja					Q110403875
ryuichi-kijima	japanese-voice-actors.yaml	木島隆一|en=Ryūichi Kijima|ja=木島隆一	ja					Q11518345
sachiko-okada	japanese-voice-actors.yaml	岡田幸子|en=Sachiko Okada|ja=岡田幸子	ja					Q11473528
sakura-shinfuku	japanese-voice-actors.yaml	新福桜|en=Sakura Shinfuku|ja=新福桜	ja					Q115734789
saori-hayami	japanese-voice-actors.yaml	早見沙織|en=Saori Hayami|ja=早見沙織	ja					Q1153079
saori-onishi	japanese-voice-actors.yaml	大西沙織|en=Saori Ōnishi|ja=大西沙織	ja					Q15973074
satomi-amano	japanese-voice-actors.yaml	天野聡美|en=Satomi Amano|ja=天野聡美	ja					Q62023684
satomi-arai	japanese-voice-actors.yaml	新井里美|en=Satomi Arai|ja=新井里美	ja					Q1343959
satoshi-hino	japanese-voice-actors.yaml	日野聡|en=Satoshi Hino|ja=日野聡	ja					Q1142853
satoshi-inomata	japanese-voice-actors.yaml	猪股慧士|en=Satoshi Inomata|ja=猪股慧士	ja					Q64782621
sayaka-ohara	japanese-voice-actors.yaml	大原さやか|en=Sayaka Ohara|ja=大原さやか	ja					Q2325296
sayaka-senbongi	japanese-voice-actors.yaml	千本木彩花|en=Sayaka Senbongi|ja=千本木彩花	ja					Q17160365
sayumi-suzushiro	japanese-voice-actors.yaml	鈴代紗弓|en=Sayumi Suzushiro|ja=鈴代紗弓	ja					Q56259856
seiichiro-yamashita	japanese-voice-actors.yaml	山下誠一郎|en=Seiichirō Yamashita|ja=山下誠一郎	ja					Q17230607
seiro-ogino	japanese-voice-actors.yaml	荻野晴朗|en=Seirō Ogino|ja=荻野晴朗	ja					Q11619043
shigeru-chiba	japanese-voice-actors.yaml	千葉繁|en=Shigeru Chiba|ja=千葉繁	ja					Q2444815
shigeru-nakahara	japanese-voice-actors.yaml	中原茂|en=Shigeru Nakahara|ja=中原茂	ja					Q2663030
shin-ichiro-miki	japanese-voice-actors.yaml	三木眞一郎|en=Shin-ichiro Miki|ja=三木眞一郎	ja					Q719326
shin-ya-takahashi	japanese-voice-actors.yaml	高橋伸也|en=Shin'ya Takahashi|ja=高橋伸也	ja					Q9448725
shinji-kawada	japanese-voice-actors.yaml	川田紳司|en=Shinji Kawada|ja=川田紳司	ja					Q1135000
shinnosuke-tachibana	japanese-voice-actors.yaml	立花慎之介|en=Shinnosuke Tachibana|ja=立花慎之介	ja					Q1041924
shino-shimoji	japanese-voice-actors.yaml	下地紫野|en=Shino Shimoji|ja=下地紫野	ja					Q17159583
shion-wakayama	japanese-voice-actors.yaml	若山詩音|en=Shion Wakayama|ja=若山詩音	ja					Q11616308
shiori-izawa	japanese-voice-actors.yaml	井澤詩織|en=Shiori Izawa|ja=井澤詩織	ja					Q11373684
shizuka-ishigami	japanese-voice-actors.yaml	石上静香|en=Shizuka Ishigami|ja=石上静香	ja					Q11584776
sho-hayami	japanese-voice-actors.yaml	速水奨|en=Shō Hayami|ja=速水奨	ja					Q1355841
sho-karino	japanese-voice-actors.yaml	狩野翔|en=Shō Karino|ja=狩野翔	ja					Q17686378
sho-nogami	japanese-voice-actors.yaml	野上翔|en=Shō Nogami|ja=野上翔	ja					Q18460273
shogo-sakata	japanese-voice-actors.yaml	坂田将吾|en=Shōgo Sakata|ja=坂田将吾	ja					Q68185104
shohei-komatsu	japanese-voice-actors.yaml	小松昌平|en=Shōhei Komatsu|ja=小松昌平	ja					Q24877064
shoto-kashii	japanese-voice-actors.yaml	樫井笙人|en=Shōto Kashii|ja=樫井笙人	ja					Q8189014
shou-komura	japanese-voice-actors.yaml	小村将|en=Shou Komura|ja=小村将	ja					Q125314127
shoya-chiba	japanese-voice-actors.yaml	千葉翔也|en=Shōya Chiba|ja=千葉翔也	ja					Q11406719
shoya-ishige	japanese-voice-actors.yaml	石毛翔弥|en=Shōya Ishige|ja=石毛翔弥	ja					Q11586731
shuichiro-umeda	japanese-voice-actors.yaml	梅田修一朗|en=Shūichirō Umeda|ja=梅田修一朗	ja					Q69635227
shun-horie	japanese-voice-actors.yaml	堀江瞬|en=Shun Horie|ja=堀江瞬	ja					Q22129969
shun-ichi-maki	japanese-voice-actors.yaml	真木駿一|en=Shun'ichi Maki|ja=真木駿一	ja					Q22131341
shun-ichi-toki	japanese-voice-actors.yaml	土岐隼一|en=Shun'ichi Toki|ja=土岐隼一	ja					Q18457703
shunsuke-sakuya	japanese-voice-actors.yaml	咲野俊介|en=Shunsuke Sakuya|ja=咲野俊介	ja					Q7505133
shunsuke-takeuchi	japanese-voice-actors.yaml	武内駿輔|en=Shunsuke Takeuchi|ja=武内駿輔	ja					Q18759065
so-takeuchi	japanese-voice-actors.yaml	竹内想|en=Sō Takeuchi|ja=竹内想	ja					Q17160692
sora-amamiya	japanese-voice-actors.yaml	雨宮天|en=Sora Amamiya|ja=雨宮天	ja					Q14635194
sora-tokui	japanese-voice-actors.yaml	徳井青空|en=Sora Tokui|ja=徳井青空	ja					Q420417
soshiro-hori	japanese-voice-actors.yaml	堀総士郎|en=Sōshirō Hori|ja=堀総士郎	ja					Q27151268
subaru-kimura	japanese-voice-actors.yaml	木村昴|en=Subaru Kimura|ja=木村昴	ja					Q7630810
tadahisa-saizen	japanese-voice-actors.yaml	西前忠久|en=Tadahisa Saizen|ja=西前忠久	ja					Q7674293
taishi-murata	japanese-voice-actors.yaml	村田太志|en=Taishi Murata|ja=村田太志	ja					Q11523423
taito-ban	japanese-voice-actors.yaml	坂泰斗|en=Taito Ban|ja=坂泰斗	ja					Q61058294
takaaki-torashima	japanese-voice-actors.yaml	虎島貴明|en=Takaaki Torashima|ja=虎島貴明	ja					Q28691559
takaaki-uchino	japanese-voice-actors.yaml	内野孝聡|en=Takaaki Uchino|ja=内野孝聡	ja					Q18545782
takahiro-miyamoto	japanese-voice-actors.yaml	宮本崇弘|en=Takahiro Miyamoto|ja=宮本崇弘	ja					Q11454827
takahiro-sakurai	japanese-voice-actors.yaml	櫻井孝宏|en=Takahiro Sakurai|ja=櫻井孝宏	ja					Q459902
takako-honda	japanese-voice-actors.yaml	本田貴子|en=Takako Honda|ja=本田貴子	ja					Q988955
takaya-hashi	japanese-voice-actors.yaml	土師孝也|en=Takaya Hashi|ja=土師孝也	ja					Q3275906
takaya-kuroda	japanese-voice-actors.yaml	黒田崇矢|en=Takaya Kuroda|ja=黒田崇矢	ja					Q3275921
takayuki-nakatsukasa	japanese-voice-actors.yaml	中務貴幸|en=Takayuki Nakatsukasa|ja=中務貴幸	ja					Q20041826
takehiro-hasu	japanese-voice-actors.yaml	蓮岳大|en=Takehiro Hasu|ja=蓮岳大	ja					Q11621659
takehito-koyasu	japanese-voice-actors.yaml	子安武人|en=Takehito Koyasu|ja=子安武人	ja					Q464348
takeo-otsuka	japanese-voice-actors.yaml	大塚剛央|en=Takeo Ōtsuka|ja=大塚剛央	ja					Q55536620
taku-yashiro	japanese-voice-actors.yaml	八代拓|en=Taku Yashiro|ja=八代拓	ja					Q23846671
takugo-iwakawa	japanese-voice-actors.yaml	岩河拓吾|en=Takugo Iwakawa|ja=岩河拓吾	ja					Q29841173
takuma-terashima	japanese-voice-actors.yaml	寺島拓篤|en=Takuma Terashima|ja=寺島拓篤	ja					Q1041912
takuro-kitagawa	japanese-voice-actors.yaml	喜多川拓郎|en=Takurō Kitagawa|ja=喜多川拓郎	ja					Q7678611
takuto-yoshinaga	japanese-voice-actors.yaml	吉永拓斗|en=Takuto Yoshinaga|ja=吉永拓斗	ja					Q11413381
takuya-eguchi	japanese-voice-actors.yaml	江口拓也|en=Takuya Eguchi|ja=江口拓也	ja					Q3268048
takuya-sato	japanese-voice-actors.yaml	佐藤拓也|en=Takuya Satō|ja=佐藤拓也	ja					Q9076955
taro-kiuchi	japanese-voice-actors.yaml	木内太郎|en=Tarō Kiuchi|ja=木内太郎	ja					Q38276955
taro-yamaguchi	japanese-voice-actors.yaml	山口太郎|en=Taro Yamaguchi|ja=山口太郎	ja					Q11466747
tarusuke-shingaki	japanese-voice-actors.yaml	新垣樽助|en=Tarusuke Shingaki|ja=新垣樽助	ja					Q5356263
tasuku-hatanaka	japanese-voice-actors.yaml	畠中祐|en=Tasuku Hatanaka|ja=畠中祐	ja					Q7687763
tatsumaru-tachibana	japanese-voice-actors.yaml	橘龍丸|en=Tatsumaru Tachibana|ja=橘龍丸	ja					Q66365025
tetsu-inada	japanese-voice-actors.yaml	稲田徹|en=Tetsu Inada|ja=稲田徹	ja					Q1206700
tetsuya-kakihara	japanese-voice-actors.yaml	柿原徹也|en=Tetsuya Kakihara|ja=柿原徹也	ja					Q708022
tomiko-suzuki	japanese-voice-actors.yaml	鈴木富子|en=Tomiko Suzuki|ja=鈴木富子	ja					Q1117893
tomoaki-maeno	japanese-voice-actors.yaml	前野智昭|en=Tomoaki Maeno|ja=前野智昭	ja					Q1206674
tomohiro-ono	japanese-voice-actors.yaml	大野智敬|en=Tomohiro Ōno|ja=大野智敬	ja					Q98734286
tomohito-takatsuka	japanese-voice-actors.yaml	高塚智人|en=Tomohito Takatsuka|ja=高塚智人	ja					Q21019125
tomokazu-seki	japanese-voice-actors.yaml	関智一|en=Tomokazu Seki|ja=関智一	ja					Q284401
tomokazu-sugita	japanese-voice-actors.yaml	杉田智和|en=Tomokazu Sugita|ja=杉田智和	ja					Q579296
tomori-kusunoki	japanese-voice-actors.yaml	楠木ともり|en=Tomori Kusunoki|ja=楠木ともり	ja					Q41698621
tomoyo-kurosawa	japanese-voice-actors.yaml	黒沢ともよ|en=Tomoyo Kurosawa|ja=黒沢ともよ	ja					Q1955926
tomoyo-takayanagi	japanese-voice-actors.yaml	高柳知葉|en=Tomoyo Takayanagi|ja=高柳知葉	ja					Q28691709
tomoyuki-shimura	japanese-voice-actors.yaml	志村知幸|en=Tomoyuki Shimura|ja=志村知幸	ja					Q1749211
toshihiko-seki	japanese-voice-actors.yaml	関俊彦|en=Toshihiko Seki|ja=関俊彦	ja					Q1201334
toshiki-kumagai	japanese-voice-actors.yaml	熊谷俊輝|en=Toshiki Kumagai|ja=熊谷俊輝	ja					Q98758320
toshitsugu-takashina	japanese-voice-actors.yaml	髙階俊嗣|en=Toshitsugu Takashina|ja=髙階俊嗣	ja					Q11673204
toshiyuki-morikawa	japanese-voice-actors.yaml	森川智之|en=Toshiyuki Morikawa|ja=森川智之	ja					Q460361
tsuyoshi-koyama	japanese-voice-actors.yaml	小山剛志|en=Tsuyoshi Koyama|ja=小山剛志	ja					Q4261875
volcano-ota	japanese-voice-actors.yaml	ボルケーノ太田|en=Volcano Ōta|ja=ボルケーノ太田	ja					Q11328674
wakana-maruoka	japanese-voice-actors.yaml	丸岡和佳奈|en=Wakana Maruoka|ja=丸岡和佳奈	ja					Q56702852
wasabi-mizuta	japanese-voice-actors.yaml	水田わさび|en=Wasabi Mizuta|ja=水田わさび	ja					Q287166
wataru-hatano	japanese-voice-actors.yaml	羽多野渉|en=Wataru Hatano|ja=羽多野渉	ja					Q1153870
wataru-kato	japanese-voice-actors.yaml	加藤渉|en=Wataru Katō|ja=加藤渉	ja					Q68185024
wataru-komada	japanese-voice-actors.yaml	駒田航|en=Wataru Komada|ja=駒田航	ja					Q20040112
yasuaki-takumi	japanese-voice-actors.yaml	内匠靖明|en=Yasuaki Takumi|ja=内匠靖明	ja					Q11393876
yasunori-matsumoto	japanese-voice-actors.yaml	松本保典|en=Yasunori Matsumoto|ja=松本保典	ja					Q1192158
yo-taichi	japanese-voice-actors.yaml	大地葉|en=Yō Taichi|ja=大地葉	ja					Q14527810
yohei-azakami	japanese-voice-actors.yaml	阿座上洋平|en=Yōhei Azakami|ja=阿座上洋平	ja					Q11657409
yohei-hamada	japanese-voice-actors.yaml	浜田洋平|en=Yōhei Hamada|ja=浜田洋平	ja					Q27917945
yoji-ueda	japanese-voice-actors.yaml	上田燿司|en=Yōji Ueda|ja=上田燿司	ja					Q576142
yoko-hikasa	japanese-voice-actors.yaml	日笠陽子|en=Yōko Hikasa|ja=日笠陽子	ja					Q50023
yoshiki-nakajima	japanese-voice-actors.yaml	中島ヨシキ|en=Yoshiki Nakajima|ja=中島ヨシキ	ja					Q11364383
yoshimasa-hosoya	japanese-voice-actors.yaml	細谷佳正|en=Yoshimasa Hosoya|ja=細谷佳正	ja					Q1139886
yoshino-aoyama	japanese-voice-actors.yaml	青山吉能|en=Yoshino Aoyama|ja=青山吉能	ja					Q17988251
yoshitaka-yamaya	japanese-voice-actors.yaml	山谷祥生|en=Yoshitaka Yamaya|ja=山谷祥生	ja					Q16746698
yoshito-yasuhara	japanese-voice-actors.yaml	安原義人|en=Yoshito Yasuhara|ja=安原義人	ja					Q2778060
yoshitsugu-matsuoka	japanese-voice-actors.yaml	松岡禎丞|en=Yoshitsugu Matsuoka|ja=松岡禎丞	ja					Q957795
yoshiyuki-ito	japanese-voice-actors.yaml	伊藤良幸|en=Yoshiyuki Itō|ja=伊藤良幸	ja					Q139889656
yu-asakawa	japanese-voice-actors.yaml	浅川悠|en=Yū Asakawa|ja=浅川悠	ja					Q1323156
yu-kobayashi	japanese-voice-actors.yaml	小林ゆう|en=Yū Kobayashi|ja=小林ゆう	ja					Q1324072
yu-sasahara	japanese-voice-actors.yaml	篠原侑|en=Yū Sasahara|ja=篠原侑	ja					Q48765539
yu-serizawa	japanese-voice-actors.yaml	芹澤優|en=Yū Serizawa|ja=芹澤優	ja					Q11616039
yuga-sato	japanese-voice-actors.yaml	佐藤悠雅|en=Yūga Satō|ja=佐藤悠雅	ja					Q108776560
yuhi-asagiri	japanese-voice-actors.yaml	朝霧友陽|en=Yuhi Asagiri|ja=朝霧友陽	ja					Q63975279
yui-horie	japanese-voice-actors.yaml	堀江由衣|en=Yui Horie|ja=堀江由衣	ja					Q50033
yui-ishikawa	japanese-voice-actors.yaml	石川由依|en=Yui Ishikawa|ja=石川由依	ja					Q8973140
yui-ogura	japanese-voice-actors.yaml	小倉唯|en=Yui Ogura|ja=小倉唯	ja					Q2477774
yuichi-nakamura	japanese-voice-actors.yaml	中村悠一|en=Yūichi Nakamura|ja=中村悠一	ja					Q984641
yuichiro-umehara	japanese-voice-actors.yaml	梅原裕一郎|en=Yūichirō Umehara|ja=梅原裕一郎	ja					Q18225739
yuji-murai	japanese-voice-actors.yaml	村井雄治|en=Yūji Murai|ja=村井雄治	ja					Q52717763
yuka-iguchi	japanese-voice-actors.yaml	井口裕香|en=Yuka Iguchi|ja=井口裕香	ja					Q1183854
yuka-nukui	japanese-voice-actors.yaml	貫井柚佳|en=Yuka Nukui|ja=貫井柚佳	ja					Q36520065
yuki-hirose	japanese-voice-actors.yaml	広瀬ゆうき|en=Yūki Hirose|ja=広瀬ゆうき	ja					Q20042582
yuki-ishikari	japanese-voice-actors.yaml	石狩勇気|en=Yūki Ishikari|ja=石狩勇気	ja					Q11586860
yuki-nagano	japanese-voice-actors.yaml	長野佑紀|en=Yuki Nagano|ja=長野佑紀	ja					Q30108577
yuki-okada	japanese-voice-actors.yaml	岡田雄樹|en=Yūki Okada|ja=岡田雄樹	ja					Q112238426
yuki-ono	japanese-voice-actors.yaml	小野友樹|en=Yūki Ono|ja=小野友樹	ja					Q553835
yuki-wakai	japanese-voice-actors.yaml	若井友希|en=Yūki Wakai|ja=若井友希	ja					Q17216081
yukiya-matsui	japanese-voice-actors.yaml	眞對友樹也|en=Yukiya Matsui|ja=眞對友樹也	ja					Q123405318
yuko-kaida	japanese-voice-actors.yaml	甲斐田裕子|en=Yūko Kaida|ja=甲斐田裕子	ja					Q2710143
yuko-mita	japanese-voice-actors.yaml	三田ゆう子|en=Yūko Mita|ja=三田ゆう子	ja					Q3113201
yuko-natsuyoshi	japanese-voice-actors.yaml	夏吉ゆうこ|en=Yūko Natsuyoshi|ja=夏吉ゆうこ	ja					Q66365004
yuko-sanpei	japanese-voice-actors.yaml	三瓶由布子|en=Yūko Sanpei|ja=三瓶由布子	ja					Q958874
yuko-tachibana	japanese-voice-actors.yaml	橘U子|en=Yūko Tachibana|ja=橘U子	ja					Q5356584
yuma-uchida	japanese-voice-actors.yaml	内田雄馬|en=Yuma Uchida|ja=内田雄馬	ja					Q17349748
yume-miyamoto	japanese-voice-actors.yaml	宮本侑芽|en=Yume Miyamoto|ja=宮本侑芽	ja					Q11454795
yumi-kakazu	japanese-voice-actors.yaml	かかずゆみ|en=Yumi Kakazu|ja=かかずゆみ	ja					Q1373594
yumi-uchiyama	japanese-voice-actors.yaml	内山夕実|en=Yumi Uchiyama|ja=内山夕実	ja					Q322979
yumiri-hanamori	japanese-voice-actors.yaml	花守ゆみり|en=Yumiri Hanamori|ja=花守ゆみり	ja					Q17219891
yuna-taniguchi	japanese-voice-actors.yaml	谷口夢奈|en=Yuna Taniguchi|ja=谷口夢奈	ja					Q20041306
yuri-ehara	japanese-voice-actors.yaml	江原裕理|en=Yuri Ehara|ja=江原裕理	ja					Q26045706
yurie-igoma	japanese-voice-actors.yaml	伊駒ゆりえ|en=Yurie Igoma|ja=伊駒ゆりえ	ja					Q117354720
yurika-kubo	japanese-voice-actors.yaml	久保ユリカ|en=Yurika Kubo|ja=久保ユリカ	ja					Q11368954
yurina-amami	japanese-voice-actors.yaml	天海由梨奈|en=Yurina Amami|ja=天海由梨奈	ja					Q45819489
yusuke-kobayashi	japanese-voice-actors.yaml	小林裕介|en=Yūsuke Kobayashi|ja=小林裕介	ja					Q17158282
yutaka-aoyama	japanese-voice-actors.yaml	青山穣|en=Yutaka Aoyama|ja=青山穣	ja					Q1028227
yuto-suzuki	japanese-voice-actors.yaml	鈴木祐斗|en=Yuto Suzuki|ja=鈴木祐斗	ja					Q104013483
yuto-uemura	japanese-voice-actors.yaml	上村祐翔|en=Yūto Uemura|ja=上村祐翔	ja					Q11359321
yuya-hirose	japanese-voice-actors.yaml	広瀬裕也|en=Yūya Hirose|ja=広瀬裕也	ja					Q22128472
yuya-uchida	japanese-voice-actors.yaml	内田夕夜|en=Yūya Uchida|ja=内田夕夜	ja					Q549931
!credits	staff	character	language	series
1	437	en	408
1	615	en	429
2	92	en	146
3	536	en	429
4	162	en	160
5	181	en	160
5	689	en	482
6	21	en	41
7	36	en	85
7	188	en	160
7	401	en	359
8	42	en	85
8	151	en	160
8	171	en	160
9	24	en	41
10	87	en	146
11	176	en	160
12	84	en	146
13	191	en	160
14	688	en	482
15	19	en	41
16	26	en	41
17	186	en	160
18	193	en	160
19	154	en	160
20	603	en	429
21	620	en	429
22	8	en	10
23	189	en	160
24	58	en	101
25	686	en	482
26	94	en	146
27	182	en	160
28	576	en	429
29	230	en	188
29	561	en	429
30	185	en	160
31	33	en	85
32	22	en	41
32	643	en	461
33	170	en	160
33	260	en	194
34	567	en	429
35	616	en	429
36	48	en	101
37	48	en	100
38	165	en	160
39	163	en	160
40	167	en	160
41	49	en	100
42	192	en	160
43	157	en	160
43	277	en	211
44	83	en	146
45	57	en	101
46	546	en	429
47	53	en	102
48	178	en	160
49	35	en	85
50	37	en	85
50	54	en	102
51	88	en	146
52	152	en	160
53	259	en	194
54	531	en	429
55	31	en	85
56	348	en	281
57	503	en	429
58	38	en	85
59	528	en	429
60	4	en	10
61	419	en	379
61	617	en	429
62	406	en	359
63	578	en	429
64	150	en	160
65	30	en	85
66	48	ja	100|101
66	480	ja	429
67	30	ja	85
67	614	ja	429
67	636	ja	438
67	696	ja	485
68	38	ja	85
68	472	ja	429
69	122	ja	151
70	504	ja	429
71	168	ja	160
72	40	ja	85
72	293	ja	242
72	339	ja	279
72	705	ja	489
72	724	ja	492
73	643	ja	461
74	506	ja	429
75	58	ja	101
75	94	ja	146
75	670	ja	470
76	536	ja	429
77	653	ja	470
78	283	ja	231
78	654	ja	470
79	414	ja	379
80	18	ja	11
80	258	ja	194
80	290	ja	242
80	529	ja	429
81	577	ja	429
82	223	ja	188
83	666	ja	470
84	275	ja	208
84	407	ja	359
85	47	ja	96
85	279	ja	211
85	384	ja	359
85	711	ja	489
86	255	ja	194
87	24	ja	41
88	528	ja	429
89	52	ja	100
89	237	ja	194
89	434	ja	408
90	100	ja	151
90	435	ja	408
90	569	ja	429
91	212	ja	179
92	565	ja	429
93	673	ja	470
94	448	ja	408
95	547	ja	429
96	664	ja	470
96	676	ja	470
97	261	ja	194
97	399	ja	359
98	640	ja	445
99	215	ja	179
100	165	ja	160
101	78	ja	138
101	394	ja	359
102	316	ja	268
102	550	ja	429
103	6	ja	10
104	679	ja	470
105	423	ja	408
106	173	ja	160
107	96	ja	151
108	22	ja	41
108	320	ja	268
109	443	ja	408
110	304	ja	249
111	7	ja	10
111	485	ja	429
112	103	ja	151
113	166	ja	160
113	221	ja	188
114	108	ja	151
114	218	ja	188
114	294	ja	242
114	460	ja	408
114	580	ja	429
114	594	ja	429
115	608	ja	429
116	405	ja	359
117	72	ja	129
117	228	ja	188
117	578	ja	429
118	242	ja	194
119	157	ja	160
120	539	ja	429
121	227	ja	188
121	643	ja	461
122	71	ja	101
122	235	ja	194
122	382	ja	359
122	490	ja	429
123	322	ja	268
123	532	ja	429
124	135	ja	151
125	455	ja	408
125	580	ja	429
126	476	ja	429
127	124	ja	151
127	206	ja	170
128	576	ja	429
129	307	ja	249
129	404	ja	359
130	291	ja	242
130	298	ja	249
131	159	ja	160
132	103	ja	151
133	19	ja	41
133	46	ja	96
133	323	ja	268
133	530	ja	429
134	3	ja	10
134	515	ja	429
135	23	ja	41
136	318	ja	268
137	478	ja	429
138	568	ja	429
139	559	ja	429
140	29	ja	57
140	144	ja	151
140	306	ja	249
140	376	ja	344
140	473	ja	429
141	458	ja	408
142	387	ja	359
143	189	ja	160
143	334	ja	275
143	409	ja	378
143	583	ja	429
144	116	ja	151
145	582	ja	429
146	621	ja	438
147	91	ja	146
148	632	ja	438
149	358	ja	285
150	200	ja	170
151	340	ja	279
152	204	ja	170
152	440	ja	408
153	467	ja	408
153	627	ja	438
154	438	ja	408
154	674	ja	470
155	514	ja	429
156	112	ja	151
156	119	ja	151
157	68	ja	100
158	171	ja	160
159	125	ja	151
160	499	ja	429
161	501	ja	429
161	657	ja	470
162	1	ja	10
163	496	ja	429
164	186	ja	160
165	551	ja	429
166	42	ja	85
166	137	ja	151
166	537	ja	429
166	644	ja	470
167	95	ja	151
167	359	ja	285
167	410	ja	378
167	465	ja	408
167	482	ja	429
168	401	ja	359
168	562	ja	429
169	609	ja	429
170	426	ja	408
171	59	ja	100|101
171	254	ja	194
172	513	ja	429
172	721	ja	491
173	5	ja	10
173	556	ja	429
173	647	ja	470
174	141	ja	151
175	553	ja	429
176	635	ja	438
177	28	ja	41
177	49	ja	100
177	259	ja	194
177	390	ja	359
177	451	ja	408
178	125	ja	151
178	267	ja	194
178	380	ja	346
179	538	ja	429
179	668	ja	470
180	310	ja	249
180	317	ja	268
180	361	ja	285
180	599	ja	429
180	708	ja	489
181	126	ja	151
182	17	ja	10
183	296	ja	242
183	699	ja	488
184	603	ja	429
185	350	ja	281
186	354	ja	282
186	381	ja	359
186	433	ja	408
187	54	ja	102
187	66	ja	100|101
188	25	ja	41
189	430	ja	408
190	187	ja	160
191	389	ja	359
191	584	ja	429
192	74	ja	138
192	115	ja	151
193	73	ja	138
194	495	ja	429
195	121	ja	151
196	243	ja	194
197	139	ja	151
197	142	ja	151
197	625	ja	438
197	707	ja	489
198	191	ja	160
198	441	ja	408
199	471	ja	429
200	106	ja	151
200	118	ja	151
201	302	ja	249
201	661	ja	470
202	555	ja	429
203	710	ja	489
204	511	ja	429
205	522	ja	429
205	681	ja	470
206	549	ja	429
207	133	ja	151
208	503	ja	429
209	557	ja	429
210	521	ja	429
211	244	ja	194
211	391	ja	359
211	610	ja	429
212	217	ja	188
212	690	ja	482
213	512	ja	429
214	642	ja	461
215	365	ja	338
216	286	ja	231
216	432	ja	408
217	21	ja	41
217	169	ja	160
218	161	ja	160
219	97	ja	151
220	464	ja	408
221	193	ja	160
222	682	ja	470
223	518	ja	429
224	524	ja	429
225	176	ja	160
226	127	ja	151
227	319	ja	268
227	652	ja	470
228	427	ja	408
229	263	ja	194
230	417	ja	379
231	413	ja	379
232	287	ja	231
232	371	ja	342
232	543	ja	429
233	373	ja	342
233	402	ja	359
234	535	ja	429
235	425	ja	408
236	97	ja	151
237	99	ja	151
238	393	ja	359
239	252	ja	194
239	622	ja	438
240	203	ja	170
241	634	ja	438
242	541	ja	429
242	660	ja	470
243	564	ja	429
244	63	ja	102
244	213	ja	179
244	561	ja	429
244	669	ja	470
245	640	ja	445
246	343	ja	279
247	475	ja	429
248	56	ja	100|101
249	649	ja	470
249	698	ja	488
250	271	ja	205
250	403	ja	359
250	677	ja	470
251	222	ja	188
251	479	ja	429
251	684	ja	470
252	89	ja	146
252	219	ja	188
252	395	ja	359
253	574	ja	429
254	98	ja	151
255	363	ja	338
255	378	ja	344
255	411	ja	378
255	449	ja	408
256	540	ja	429
257	107	ja	151
257	199	ja	170
257	591	ja	429
258	195	ja	160
258	342	ja	279
258	525	ja	429
259	110	ja	151
260	93	ja	146
261	98	ja	151
262	700	ja	488
263	484	ja	429
264	248	ja	194
265	459	ja	408
266	560	ja	429
266	586	ja	429
266	680	ja	470
267	131	ja	151
267	428	ja	408
268	573	ja	429
269	533	ja	429
270	88	ja	146
270	720	ja	491
271	498	ja	429
272	115	ja	151
273	366	ja	338
274	192	ja	160
275	268	ja	194
276	579	ja	429
277	585	ja	429
278	305	ja	249
279	249	ja	194
279	601	ja	429
280	70	ja	100
281	11	ja	10
281	353	ja	281
282	273	ja	205
283	188	ja	160
283	308	ja	249
284	687	ja	482
285	571	ja	429
286	151	ja	160
286	463	ja	408
287	328	ja	268
288	245	ja	194
289	205	ja	170
290	231	ja	192
290	274	ja	205
290	604	ja	429
291	300	ja	249
292	419	ja	379
293	397	ja	359
293	570	ja	429
294	727	ja	492
295	197	ja	170
296	352	ja	281
297	266	ja	194
297	611	ja	429
298	83	ja	146
298	182	ja	160
298	633	ja	438
298	658	ja	470
299	160	ja	160
300	148	ja	160
300	324	ja	268
300	347	ja	281
300	360	ja	285
300	692	ja	485
301	531	ja	429
302	355	ja	282
303	289	ja	242
304	344	ja	279
305	143	ja	151
305	442	ja	408
305	672	ja	470
306	247	ja	194
306	303	ja	249
307	62	ja	100
308	236	ja	194
309	69	ja	100
310	104	ja	151
311	16	ja	10
312	704	ja	489
313	646	ja	470
314	617	ja	429
315	36	ja	85
315	341	ja	279
315	452	ja	408
315	616	ja	429
316	309	ja	249
317	388	ja	359
317	623	ja	438
318	253	ja	194
318	396	ja	359
319	398	ja	359
320	230	ja	188
320	281	ja	211
320	362	ja	338
320	386	ja	359
321	602	ja	429
322	618	ja	429
323	154	ja	160
324	60	ja	100|101
324	488	ja	429
324	689	ja	482
325	379	ja	346
326	337	ja	278
326	348	ja	281
326	526	ja	429
327	566	ja	429
328	351	ja	281
328	367	ja	338
328	596	ja	429
328	663	ja	470
329	494	ja	429
329	651	ja	470
330	502	ja	429
331	216	ja	188
331	312	ja	268
332	27	ja	41
332	326	ja	268
333	77	ja	138
333	598	ja	429
333	726	ja	492
334	20	ja	41
334	61	ja	101
335	489	ja	429
336	523	ja	429
337	104	ja	151
338	295	ja	242
339	315	ja	268
340	713	ja	491
341	408	ja	359
341	650	ja	470
342	383	ja	359
343	185	ja	160
343	256	ja	194
343	534	ja	429
344	147	ja	154
344	297	ja	242
345	57	ja	101
345	92	ja	146
345	509	ja	429
345	648	ja	470
346	86	ja	146
346	593	ja	429
347	79	ja	138
347	128	ja	151
347	146	ja	154
347	270	ja	205
347	288	ja	231
347	349	ja	281
347	412	ja	378
347	416	ja	379
347	447	ja	408
347	552	ja	429
347	656	ja	470
348	276	ja	208
348	575	ja	429
349	667	ja	470
350	241	ja	194
351	138	ja	151
352	50	ja	100
352	454	ja	408
353	424	ja	408
353	675	ja	470
354	508	ja	429
355	645	ja	470
356	214	ja	179
357	335	ja	275
357	336	ja	278
358	37	ja	85
359	446	ja	408
359	587	ja	429
359	717	ja	491
360	119	ja	151
360	162	ja	160
361	164	ja	160
362	554	ja	429
363	421	ja	379
364	445	ja	408
365	500	ja	429
366	374	ja	342
367	292	ja	242
367	589	ja	429
367	696	ja	485
367	714	ja	491
368	311	ja	249
368	392	ja	359
368	481	ja	429
369	285	ja	231
370	712	ja	491
371	507	ja	429
372	225	ja	188
372	313	ja	268
372	722	ja	491
373	439	ja	408
374	102	ja	151
374	129	ja	151
375	174	ja	160
376	277	ja	211
376	655	ja	470
377	233	ja	194
378	558	ja	429
379	234	ja	194
380	51	ja	100
381	510	ja	429
382	375	ja	344
382	462	ja	408
383	470	ja	429
384	581	ja	429
385	85	ja	146
386	33	ja	85
386	262	ja	194
386	492	ja	429
387	688	ja	482
388	519	ja	429
389	250	ja	194
389	332	ja	268
390	436	ja	408
391	497	ja	429
392	8	ja	10
392	150	ja	160
392	264	ja	194
392	444	ja	408
392	487	ja	429
393	357	ja	282
393	364	ja	338
393	474	ja	429
394	325	ja	268
394	377	ja	344
394	484	ja	429
395	152	ja	160
396	590	ja	429
397	114	ja	151
398	329	ja	268
398	330	ja	268
399	333	ja	268
399	461	ja	408
399	595	ja	429
400	331	ja	268
401	542	ja	429
401	605	ja	429
402	520	ja	429
403	437	ja	408
404	87	ja	146
405	486	ja	429
406	220	ja	188
406	240	ja	194
407	321	ja	268
407	665	ja	470
408	116	ja	151
409	183	ja	160
409	606	ja	429
410	76	ja	138
410	299	ja	249
410	659	ja	470
410	671	ja	470
411	177	ja	160
412	55	ja	100|102|101
412	132	ja	151
412	257	ja	194
412	683	ja	470
413	84	ja	146
413	134	ja	151
413	400	ja	359
413	469	ja	429
414	418	ja	379
415	422	ja	401
415	429	ja	408
416	370	ja	338
417	468	ja	429
418	178	ja	160
419	624	ja	438
420	194	ja	160
421	35	ja	85
421	181	ja	160
422	170	ja	160
422	548	ja	429
423	224	ja	188
424	16	ja	10
425	282	ja	231
426	238	ja	194
427	420	ja	379
428	517	ja	429
429	483	ja	429
430	101	ja	151
431	202	ja	170
431	597	ja	429
432	572	ja	429
432	723	ja	491
433	491	ja	429
434	140	ja	151
434	431	ja	408
434	716	ja	491
435	123	ja	151
435	265	ja	194
435	715	ja	491
436	615	ja	429
437	613	ja	429
438	272	ja	205
438	284	ja	231
439	239	ja	194
439	327	ja	268
440	139	ja	151
440	630	ja	438
441	34	ja	85
441	117	ja	151
441	246	ja	194
441	563	ja	429
441	706	ja	489
441	719	ja	491
442	149	ja	160
443	65	ja	100
444	53	ja	102
445	703	ja	488
446	198	ja	170
446	372	ja	342
447	588	ja	429
448	113	ja	151
449	130	ja	151
450	136	ja	151
450	546	ja	429
450	629	ja	438
451	4	ja	10
452	260	ja	194
452	457	ja	408
452	631	ja	438
452	686	ja	482
452	718	ja	491
453	155	ja	160
453	620	ja	429
454	456	ja	408
455	184	ja	160
455	607	ja	429
456	196	ja	170
457	567	ja	429
458	544	ja	429
459	175	ja	160
460	120	ja	151
461	64	ja	102
462	346	ja	281
463	527	ja	429
464	545	ja	429
465	105	ja	151
466	701	ja	488
467	167	ja	160
468	180	ja	160
469	172	ja	160
469	251	ja	194
469	356	ja	282
470	338	ja	279
470	685	ja	482
471	314	ja	268
472	201	ja	170
472	364	ja	338
472	600	ja	429
472	709	ja	489
473	163	ja	160
473	226	ja	188
473	592	ja	429
473	725	ja	492
474	415	ja	379
475	31	ja	85
476	368	ja	338
476	702	ja	488
477	505	ja	429
478	269	ja	205
478	477	ja	429
479	109	ja	151
479	158	ja	160
479	229	ja	188
479	232	ja	192
479	406	ja	359
479	493	ja	429
480	516	ja	429
481	26	ja	41
482	75	ja	138
482	301	ja	249
483	345	ja	279
483	612	ja	429
484	453	ja	408
